CID,numero_registros,beneficiarios_unicos,porcentaje_beneficiarios
,456440,54183,77.922
F840,6588,432,0.621
F84,3667,428,0.616
Z001,762,404,0.581
F41,988,354,0.509
C50,1505,312,0.449
Z00,4395,292,0.42
N72,722,292,0.42
-,2101,280,0.403
Z00.1,401,267,0.384
N390,16138,248,0.357
I10,1067,243,0.349
M545,3247,232,0.334
M549,1229,218,0.314
R68,994,198,0.285
O820,4618,196,0.282
A09,6059,194,0.279
Z540,2614,173,0.249
J342,4495,166,0.239
Z359,620,166,0.239
A083,652,162,0.233
F80,590,155,0.223
J00,390,149,0.214
Z014,350,143,0.206
Z000,4233,143,0.206
J180,15064,139,0.2
N201,4361,131,0.188
I839,1856,123,0.177
Z00.0,7856,123,0.177
N200,3691,112,0.161
O829,3422,111,0.16
Z988,4805,107,0.154
J353,2434,99,0.142
N39.0,12709,99,0.142
R10,2208,92,0.132
G560,2259,92,0.132
R51,1364,90,0.129
R10.4,5858,83,0.119
C61,1220,82,0.118
K802,2149,80,0.115
O82.,1749,77,0.111
H269,582,75,0.108
J189,11272,75,0.108
M751,2849,73,0.105
I83.9,1142,71,0.102
N47,1629,70,0.101
K800,2958,70,0.101
I64,4950,67,0.096
N202,2693,66,0.095
J069,418,65,0.093
N840,894,62,0.089
Z30,223,61,0.088
K429,1706,60,0.086
A419,9845,58,0.083
R11,965,56,0.081
N20.0,3222,56,0.081
K639,1619,55,0.079
K402,1314,54,0.078
O800,1070,54,0.078
R07,54,54,0.078
J039,250,53,0.076
R100,5052,51,0.073
R104,4681,51,0.073
K359,2301,51,0.073
K409,1570,51,0.073
I200,2650,50,0.072
M779,255,50,0.072
M511,2912,49,0.07
C509,1797,48,0.069
N23,1657,48,0.069
O82.9,830,48,0.069
J34.2,1400,48,0.069
N20.1,3415,48,0.069
H35.3,613,47,0.068
J159,3060,46,0.066
O269,507,45,0.065
S835,1112,45,0.065
M54.2,573,44,0.063
P599,369,44,0.063
M544,1293,44,0.063
R074,2591,43,0.062
A90,244,43,0.062
M54.5,2275,42,0.06
M259,202,41,0.059
K40.9,1957,41,0.059
I500,3533,40,0.058
I48,1902,40,0.058
F411,146,40,0.058
N47.,909,40,0.058
M255,180,39,0.056
O82,1522,39,0.056
Z302,1449,39,0.056
N84.0,462,38,0.055
K529,1994,38,0.055
Z519,451,36,0.052
R068,179,36,0.052
Z392,395,35,0.05
E660,1381,35,0.05
N40,1489,35,0.05
J35.3,1087,34,0.049
I64.,9128,33,0.047
K42.9,1056,33,0.047
E669,1196,33,0.047
K922,6355,33,0.047
N39,1755,32,0.046
R10.,1637,32,0.046
R50.9,2123,32,0.046
A09.,3185,32,0.046
M75.1,2790,31,0.045
E66,204,31,0.045
I219,2541,31,0.045
K439,1203,31,0.045
O809,517,31,0.045
K30,592,31,0.045
D23,138,31,0.045
F90,76,31,0.045
N20.2,2138,31,0.045
K811,1064,30,0.043
K808,1454,30,0.043
R509,5228,30,0.043
O821,1286,30,0.043
N20,1532,30,0.043
R52.1,2564,30,0.043
K35.9,2992,30,0.043
C18,1070,29,0.042
Q90,409,29,0.042
J18.9,3632,29,0.042
F900,240,29,0.042
M542,1596,29,0.042
E871,2513,29,0.042
S525,1186,28,0.04
M179,1592,28,0.04
M19.9,1097,28,0.04
K400,1121,28,0.04
K210,1047,28,0.04
F20.,786,28,0.04
R11.,1578,28,0.04
C50.8,2659,28,0.04
A46,2419,28,0.04
J019,206,27,0.039
K350,1881,27,0.039
N209,537,26,0.037
O021,600,26,0.037
D259,1010,26,0.037
K81.1,1786,26,0.037
S832,907,26,0.037
M235,1406,26,0.037
M54.4,2822,25,0.036
R55,576,25,0.036
R06.0,3063,25,0.036
R53.,1345,25,0.036
F192,2277,25,0.036
N40.,2028,24,0.035
D25.9,1940,24,0.035
D250,1234,24,0.035
Z38.0,605,24,0.035
J03,35,24,0.035
E66.8,2515,24,0.035
M51.1,2240,24,0.035
Z489,1078,23,0.033
P073,1455,23,0.033
G30,1173,23,0.033
K810,989,23,0.033
M169,517,23,0.033
M170,696,23,0.033
N39.,2199,23,0.033
F142,702,23,0.033
S720,1874,23,0.033
J18.0,5333,23,0.033
R51.,930,23,0.033
K80,865,22,0.032
F102,939,22,0.032
K80.8,2650,22,0.032
M653,527,22,0.032
N180,700,22,0.032
N800,1217,22,0.032
F31.,537,22,0.032
J18,1297,22,0.032
J02,38,22,0.032
O80.,455,22,0.032
R060,870,22,0.032
R07.4,1782,22,0.032
Z390,221,22,0.032
I10.,1062,21,0.03
R69,846,21,0.03
K590,614,21,0.03
O80.0,357,21,0.03
J01,156,21,0.03
M233,402,21,0.03
N179,1591,21,0.03
N809,617,21,0.03
N20.9,1236,21,0.03
L029,91,21,0.03
N23.,1337,20,0.029
K35,757,20,0.029
M65.9,298,20,0.029
C73,521,20,0.029
I269,1079,20,0.029
S800,337,20,0.029
C64,577,20,0.029
Z121,787,20,0.029
K92.2,3997,20,0.029
Z98.8,1575,20,0.029
Z349,144,20,0.029
G56.0,838,20,0.029
E668,1026,20,0.029
L80.,243,20,0.029
L989,690,20,0.029
G20,1160,19,0.027
R53,676,19,0.027
C34,182,19,0.027
I50,2442,19,0.027
M755,121,19,0.027
S626,486,19,0.027
K57.,1141,19,0.027
K07.9,662,19,0.027
K80.2,1293,19,0.027
J352,344,19,0.027
R568,1619,19,0.027
R42,534,19,0.027
M201,685,19,0.027
J329,691,19,0.027
F32.,262,18,0.026
J441,1342,18,0.026
I48.,2149,18,0.026
J18.,5034,18,0.026
O82.0,380,18,0.026
J350,671,18,0.026
O334,314,18,0.026
M232,449,18,0.026
F200,920,18,0.026
H103,35,18,0.026
M20.1,576,18,0.026
Z391,187,18,0.026
Z30.2,536,18,0.026
Z488,295,18,0.026
J111,44,18,0.026
J34.8,1033,17,0.024
K52.9,633,17,0.024
J15.8,3184,17,0.024
K40,768,17,0.024
C90,58,17,0.024
K076,775,17,0.024
L039,359,17,0.024
R103,359,17,0.024
L98.9,475,17,0.024
I20.9,2258,17,0.024
N110,584,17,0.024
I849,357,17,0.024
Z018,433,16,0.023
G80,210,16,0.023
I20.0,2535,16,0.023
J15.9,2724,16,0.023
L031,2039,16,0.023
R10.0,5556,16,0.023
C67,855,16,0.023
F322,391,16,0.023
H25,60,16,0.023
A418,2869,16,0.023
L08.8,407,16,0.023
K420,389,16,0.023
K801,573,16,0.023
G54,35,16,0.023
K403,961,16,0.023
C56,399,16,0.023
Q38.6,193,16,0.023
R31,449,16,0.023
I50.0,5122,16,0.023
J029,30,16,0.023
H251,250,15,0.022
J35.2,321,15,0.022
F312,596,15,0.022
S420,1128,15,0.022
I509,3415,15,0.022
R001,908,15,0.022
P229,3485,15,0.022
C449,202,15,0.022
M17.9,1500,15,0.022
M171,836,15,0.022
C44,633,15,0.022
Z37.0,2366,15,0.022
K805,542,15,0.022
J15.,3026,15,0.022
I209,610,15,0.022
R521,322,15,0.022
S826,579,15,0.022
I251,584,15,0.022
R56.8,2699,15,0.022
J459,306,15,0.022
J32.4,540,15,0.022
G57.8,947,15,0.022
T07,1314,14,0.02
R32,431,14,0.02
C20,1042,14,0.02
F03,500,14,0.02
M548,109,14,0.02
S934,56,14,0.02
M16.1,1412,14,0.02
N760,23,14,0.02
N399,1368,14,0.02
K43.9,1307,14,0.02
N841,107,14,0.02
M659,125,14,0.02
G430,95,14,0.02
J15,2351,14,0.02
G409,234,13,0.019
R101,552,13,0.019
Z301,294,13,0.019
M238,219,13,0.019
S729,2655,13,0.019
N939,358,13,0.019
B349,89,13,0.019
A41.9,4331,13,0.019
E86,340,13,0.019
N63,394,13,0.019
I83.0,79,13,0.019
K80.1,1768,13,0.019
R05,174,12,0.017
F10.,290,12,0.017
M658,156,12,0.017
O429,426,12,0.017
O82.1,397,12,0.017
S828,796,12,0.017
R50,260,12,0.017
N951,20,12,0.017
K638,305,12,0.017
K635,386,12,0.017
M230,650,12,0.017
C67.9,980,12,0.017
P59.9,181,12,0.017
K59.0,881,12,0.017
S82.9,1236,12,0.017
M410,16,12,0.017
R688,192,12,0.017
G43,170,12,0.017
J45,242,12,0.017
G473,228,12,0.017
N804,488,12,0.017
C900,1123,12,0.017
N189,828,12,0.017
S422,607,12,0.017
N62,638,12,0.017
N300,778,12,0.017
N39.9,748,12,0.017
S099,296,12,0.017
S09.9,621,12,0.017
L03,144,12,0.017
H10,22,12,0.017
H36.0,175,12,0.017
Z12.1,444,11,0.016
H36.,256,11,0.016
H18.5,35,11,0.016
N10,508,11,0.016
I83,325,11,0.016
I84.9,482,11,0.016
K29,368,11,0.016
F310,180,11,0.016
K297,376,11,0.016
A059,80,11,0.016
I694,461,11,0.016
K42,482,11,0.016
G459,684,11,0.016
C50.9,662,11,0.016
C43,255,11,0.016
R17.,596,11,0.016
R102,358,11,0.016
J06,269,11,0.016
H700,215,11,0.016
S837,104,11,0.016
O828,219,11,0.016
I26.9,2534,11,0.016
J32.9,299,11,0.016
M65.3,359,11,0.016
K573,159,11,0.016
O42.9,282,11,0.016
M199,367,11,0.016
O80,76,11,0.016
D251,202,10,0.014
I652,509,10,0.014
S52.5,717,10,0.014
Z380,74,10,0.014
H330,359,10,0.014
F603,294,10,0.014
D27.,795,10,0.014
K40.2,416,10,0.014
S52.6,789,10,0.014
I84.2,386,10,0.014
F29.,174,10,0.014
R68.,3169,10,0.014
J11,10,10,0.014
J351,80,10,0.014
O039,119,10,0.014
S721,632,10,0.014
N832,391,10,0.014
J348,357,10,0.014
O82.8,184,10,0.014
M54,362,10,0.014
K603,246,10,0.014
I50.9,2463,10,0.014
I442,930,10,0.014
T191,99,10,0.014
R13,1101,10,0.014
H920,20,10,0.014
S936,57,10,0.014
J34.3,183,10,0.014
C679,301,10,0.014
C44.9,257,10,0.014
G40,310,10,0.014
Z30.1,155,10,0.014
L032,410,10,0.014
A41,664,9,0.013
I671,433,9,0.013
L028,450,9,0.013
J90,1248,9,0.013
N63.,468,9,0.013
N80.0,797,9,0.013
K59.9,198,9,0.013
P07,1522,9,0.013
L03.2,665,9,0.013
J960,1738,9,0.013
I84.1,405,9,0.013
G934,280,9,0.013
S069,295,9,0.013
F019,189,9,0.013
O02.1,102,9,0.013
K566,1211,9,0.013
K60.3,385,9,0.013
C189,1698,9,0.013
G800,681,9,0.013
M654,130,9,0.013
E042,357,9,0.013
L98.8,828,9,0.013
M17.1,1030,9,0.013
C44.3,469,9,0.013
R17,137,9,0.013
E888,774,9,0.013
M23,275,9,0.013
M224,305,9,0.013
R32.,825,9,0.013
S72.0,1774,9,0.013
C20.,2178,9,0.013
G309,160,9,0.013
K469,279,9,0.013
R520,125,9,0.013
G35,429,9,0.013
R10.1,174,8,0.012
M17,318,8,0.012
M239,166,8,0.012
H110,140,8,0.012
Z00.,205,8,0.012
R10.3,1916,8,0.012
C349,312,8,0.012
F332,826,8,0.012
K37,201,8,0.012
N20.,635,8,0.012
I844,167,8,0.012
I84.5,349,8,0.012
I84.4,336,8,0.012
G45.9,1492,8,0.012
H669,230,8,0.012
I639,253,8,0.012
J90.,1766,8,0.012
I250,744,8,0.012
K605,160,8,0.012
R570,218,8,0.012
F84.0,231,8,0.012
M620,265,8,0.012
S829,1031,8,0.012
K63.5,332,8,0.012
D649,647,8,0.012
J34,336,8,0.012
F059,487,8,0.012
M796,241,8,0.012
M713,87,8,0.012
M75.8,509,8,0.012
J324,283,8,0.012
J44.1,1708,8,0.012
I83.1,112,8,0.012
G47.3,282,8,0.012
F316,243,8,0.012
S520,255,8,0.012
S620,306,8,0.012
N883,120,8,0.012
J45.,701,8,0.012
D34.,803,8,0.012
O03.4,73,8,0.012
B342,1340,8,0.012
M869,318,7,0.01
K46.0,241,7,0.01
K46.9,638,7,0.01
N18.9,1422,7,0.01
F41.,39,7,0.01
S529,134,7,0.01
N879,99,7,0.01
N906,134,7,0.01
I84,147,7,0.01
I861,101,7,0.01
K29.,127,7,0.01
K929,1323,7,0.01
I841,182,7,0.01
S424,269,7,0.01
K219,399,7,0.01
R610,586,7,0.01
N398,92,7,0.01
N30.0,437,7,0.01
E87.1,834,7,0.01
L02,339,7,0.01
H25.0,408,7,0.01
H259,55,7,0.01
S623,305,7,0.01
D25,264,7,0.01
C760,193,7,0.01
O149,200,7,0.01
O200,168,7,0.01
O034,258,7,0.01
I50.,4019,7,0.01
N84.9,139,7,0.01
J343,311,7,0.01
M79.7,625,7,0.01
I21.9,1136,7,0.01
S82.1,945,7,0.01
C187,313,7,0.01
M626,38,7,0.01
M540,480,7,0.01
M543,183,7,0.01
D391,337,7,0.01
M23.3,395,7,0.01
M50.1,781,7,0.01
P07.3,4255,7,0.01
I471,411,7,0.01
M25.5,252,7,0.01
R22,276,7,0.01
C61.,1130,7,0.01
C44.8,185,7,0.01
C508,2181,7,0.01
C443,176,7,0.01
T784,340,7,0.01
K80.,416,7,0.01
M24.9,460,7,0.01
J040,67,7,0.01
G122,448,7,0.01
J158,897,7,0.01
R223,185,7,0.01
Z452,228,7,0.01
E101,453,7,0.01
M160,389,7,0.01
E105,702,7,0.01
R072,176,7,0.01
L72.8,39,7,0.01
L030,67,7,0.01
L720,124,7,0.01
A499,1162,6,0.009
S83.5,435,6,0.009
S820,354,6,0.009
I21,770,6,0.009
I20.,368,6,0.009
I20,747,6,0.009
W199,50,6,0.009
S827,245,6,0.009
E10.1,1290,6,0.009
M009,646,6,0.009
M54.,197,6,0.009
K610,179,6,0.009
M510,305,6,0.009
M54.1,530,6,0.009
M480,507,6,0.009
E881,245,6,0.009
D64.9,149,6,0.009
I25.0,677,6,0.009
I25.1,1437,6,0.009
I26,82,6,0.009
I259,398,6,0.009
S900,150,6,0.009
S821,396,6,0.009
M866,87,6,0.009
G56.9,226,6,0.009
S72,1763,6,0.009
I632,108,6,0.009
S460,176,6,0.009
K565,449,6,0.009
F19.2,69,6,0.009
S62.3,289,6,0.009
M79.1,215,6,0.009
K57,1142,6,0.009
I350,564,6,0.009
M797,139,6,0.009
M759,157,6,0.009
J35.0,66,6,0.009
F84.9,204,6,0.009
J359,139,6,0.009
H650,95,6,0.009
L03.8,870,6,0.009
H811,26,6,0.009
H90,121,6,0.009
Z98,355,6,0.009
Z006,18,6,0.009
Z34.,100,6,0.009
Z300,39,6,0.009
O80.9,274,6,0.009
C71,977,6,0.009
J328,184,6,0.009
A46.,1560,6,0.009
O342,62,6,0.009
O420,115,6,0.009
C67.8,297,6,0.009
F82,38,6,0.009
J20.9,348,6,0.009
R04.0,223,6,0.009
J20,147,6,0.009
C910,443,6,0.009
C92,35,6,0.009
N80,270,6,0.009
F31,215,6,0.009
K250,48,6,0.009
I845,49,6,0.009
J101,17,6,0.009
J06.9,468,6,0.009
C340,371,6,0.009
R07.3,290,6,0.009
G40.,158,6,0.009
K21.0,596,6,0.009
N801,312,6,0.009
F323,224,6,0.009
F32,85,6,0.009
K20,290,6,0.009
N459,213,6,0.009
C92.0,4197,6,0.009
S42.2,882,6,0.009
D17,248,6,0.009
D170,278,6,0.009
K351,304,6,0.009
S42.0,1026,6,0.009
N393,175,6,0.009
I840,197,6,0.009
K36.,419,6,0.009
F314,71,6,0.009
S06.9,769,6,0.009
G45,427,6,0.009
R000,714,6,0.009
J36,138,6,0.009
D25.0,76,5,0.007
S430,225,5,0.007
S62,174,5,0.007
M86,53,5,0.007
M899,460,5,0.007
N10.,284,5,0.007
S723,556,5,0.007
I499,84,5,0.007
M71.3,197,5,0.007
D39.1,405,5,0.007
M628,161,5,0.007
S663,256,5,0.007
B34,5,5,0.007
S730,323,5,0.007
M75,62,5,0.007
K579,145,5,0.007
K521,266,5,0.007
S72.9,1210,5,0.007
I49.9,542,5,0.007
M202,201,5,0.007
D70,488,5,0.007
L98,793,5,0.007
D696,335,5,0.007
K804,241,5,0.007
M513,405,5,0.007
M609,53,5,0.007
K746,315,5,0.007
M24,7,5,0.007
M51,324,5,0.007
K528,231,5,0.007
S860,269,5,0.007
S822,361,5,0.007
K819,1118,5,0.007
K81.0,987,5,0.007
M23.,318,5,0.007
H50.9,258,5,0.007
Z39,16,5,0.007
Z35.,60,5,0.007
L038,83,5,0.007
T21,133,5,0.007
T813,155,5,0.007
V299,47,5,0.007
K830,137,5,0.007
K831,271,5,0.007
L509,12,5,0.007
I260,945,5,0.007
H52.1,23,5,0.007
G912,91,5,0.007
S831,311,5,0.007
M214,119,5,0.007
M19,209,5,0.007
S400,65,5,0.007
C18.9,312,5,0.007
N219,154,5,0.007
K29.7,356,5,0.007
N410,110,5,0.007
N39.3,229,5,0.007
S602,5,5,0.007
N11.0,2568,5,0.007
N18.8,658,5,0.007
N30,49,5,0.007
I638,497,5,0.007
R13.,236,5,0.007
R33.,206,5,0.007
J018,162,5,0.007
N803,304,5,0.007
N80.1,389,5,0.007
N850,73,5,0.007
R579,997,5,0.007
C25,664,5,0.007
N80.9,611,5,0.007
F412,169,5,0.007
C921,5,5,0.007
G404,60,5,0.007
G40.8,835,5,0.007
R61.0,263,5,0.007
R60.0,253,5,0.007
I872,34,5,0.007
S423,73,5,0.007
S320,576,5,0.007
F250,32,5,0.007
I714,571,5,0.007
F14.,33,5,0.007
N17.,612,5,0.007
D27,269,5,0.007
N17.9,678,5,0.007
N13.2,356,5,0.007
I842,77,5,0.007
J450,231,5,0.007
J18.8,1296,5,0.007
Q211,674,5,0.007
F849,79,5,0.007
R05.,266,5,0.007
R040,316,5,0.007
P228,238,5,0.007
P072,2012,5,0.007
Q381,32,5,0.007
O141,176,5,0.007
J35.9,254,5,0.007
F630,401,5,0.007
O030,181,5,0.007
O03.,86,5,0.007
J449,770,5,0.007
J440,383,5,0.007
J690,1067,5,0.007
J45.9,312,5,0.007
N921,132,5,0.007
N870,176,5,0.007
C80,108,5,0.007
C911,221,5,0.007
J320,193,5,0.007
F800,26,5,0.007
O343,88,5,0.007
O410,49,5,0.007
C73.,557,5,0.007
H652,114,5,0.007
Z00.8,173,5,0.007
B029,252,5,0.007
L03.1,688,5,0.007
L023,76,5,0.007
L08,442,5,0.007
Z940,2971,5,0.007
A41.8,2213,5,0.007
A41.,1478,5,0.007
H024,186,5,0.007
H023,30,5,0.007
H02.9,130,4,0.006
L02.3,119,4,0.006
E65,214,4,0.006
K92.0,313,4,0.006
K921,247,4,0.006
E86.,128,4,0.006
G80.8,69,4,0.006
H830,26,4,0.006
H70.0,45,4,0.006
H609,113,4,0.006
Z01.0,4,4,0.006
Z01.8,205,4,0.006
O470,67,4,0.006
O324,39,4,0.006
O33.1,35,4,0.006
F81,19,4,0.006
J21.9,144,4,0.006
J218,538,4,0.006
J22,88,4,0.006
J32,209,4,0.006
C672,31,4,0.006
C54,54,4,0.006
P59.,30,4,0.006
P704,27,4,0.006
P221,330,4,0.006
R00.1,571,4,0.006
C500,111,4,0.006
Q87,19,4,0.006
F60.3,56,4,0.006
J40,168,4,0.006
J35,150,4,0.006
J35.1,248,4,0.006
O244,22,4,0.006
N946,23,4,0.006
J32.8,90,4,0.006
F41.1,6,4,0.006
J81,329,4,0.006
J91,1068,4,0.006
C91,4,4,0.006
N85,172,4,0.006
Q05,16,4,0.006
J209,67,4,0.006
C49,167,4,0.006
R31.,221,4,0.006
R22.3,186,4,0.006
R229,77,4,0.006
R52.0,126,4,0.006
R48,23,4,0.006
R300,211,4,0.006
R73.9,271,4,0.006
R57.9,1097,4,0.006
C19,127,4,0.006
R578,1695,4,0.006
R50.,258,4,0.006
K21.9,277,4,0.006
K10.0,343,4,0.006
K07.6,282,4,0.006
C85.9,955,4,0.006
C90.0,1052,4,0.006
N811,138,4,0.006
N830,257,4,0.006
N80.3,326,4,0.006
N805,167,4,0.006
J955,227,4,0.006
G431,19,4,0.006
I848,105,4,0.006
C220,183,4,0.006
S022,63,4,0.006
S024,53,4,0.006
S06,496,4,0.006
R739,185,4,0.006
R91,86,4,0.006
S009,344,4,0.006
R634,60,4,0.006
F29,1493,4,0.006
F31.2,70,4,0.006
K12.2,807,4,0.006
C920,641,4,0.006
N80.,143,4,0.006
F32.2,158,4,0.006
N19.,2559,4,0.006
F319,21,4,0.006
K40.,166,4,0.006
N35,101,4,0.006
K295,141,4,0.006
K30.,208,4,0.006
I82,455,4,0.006
S06.5,1539,4,0.006
S062,12,4,0.006
S065,33,4,0.006
I803,23,4,0.006
M773,27,4,0.006
K42.,148,4,0.006
F19.,69,4,0.006
D211,90,4,0.006
N18.,851,4,0.006
N18.0,96,4,0.006
N111,192,4,0.006
I739,195,4,0.006
I70.2,805,4,0.006
I65.2,523,4,0.006
S600,22,4,0.006
S610,30,4,0.006
S618,37,4,0.006
S523,166,4,0.006
S526,112,4,0.006
S431,80,4,0.006
K56.4,938,4,0.006
F20,27,4,0.006
K560,562,4,0.006
K51,539,4,0.006
K519,167,4,0.006
K46,117,4,0.006
D35.2,912,4,0.006
N02.8,130,4,0.006
M771,54,4,0.006
I44.2,1586,4,0.006
I441,444,4,0.006
S728,515,4,0.006
S644,168,4,0.006
I47.1,337,4,0.006
I35.0,1471,4,0.006
K57.3,707,4,0.006
K57.9,226,4,0.006
K572,38,4,0.006
M754,44,4,0.006
M750,191,4,0.006
M501,144,4,0.006
K63.,153,4,0.006
K59.8,90,4,0.006
D46,74,4,0.006
M531,20,4,0.006
D48,97,4,0.006
L97,1057,4,0.006
M190,146,4,0.006
D648,554,4,0.006
S823,194,4,0.006
S83.2,215,4,0.006
S82.6,87,4,0.006
I21.1,1059,4,0.006
L02.,194,4,0.006
K83.0,1357,4,0.006
K83.9,244,4,0.006
K85.1,399,4,0.006
K85.9,113,4,0.006
K851,106,4,0.006
K803,314,4,0.006
E10,6,4,0.006
L600,32,4,0.006
L72.0,107,4,0.006
L059,27,4,0.006
I211,387,4,0.006
X600,58,4,0.006
T84.0,755,4,0.006
T810,212,4,0.006
G700,583,4,0.006
G710,145,4,0.006
G80.1,68,4,0.006
G93.4,4553,4,0.006
Z430,123,4,0.006
Z480,15,4,0.006
H500,90,4,0.006
H52.0,9,4,0.006
Z54.0,974,4,0.006
H532,66,4,0.006
H358,121,4,0.006
H409,113,4,0.006
L08.,446,3,0.004
Z93.3,1167,3,0.004
A049,355,3,0.004
L05.9,46,3,0.004
Z470,55,3,0.004
Z459,147,3,0.004
Z450,229,3,0.004
Z60.8,191,3,0.004
Z950,33,3,0.004
H028,31,3,0.004
H250,52,3,0.004
Z932,208,3,0.004
Z370,172,3,0.004
Z431,272,3,0.004
Z429,125,3,0.004
Z42,58,3,0.004
Z48,214,3,0.004
L089,274,3,0.004
L080,36,3,0.004
L500,23,3,0.004
L50.9,106,3,0.004
K920,351,3,0.004
L729,21,3,0.004
A49.9,815,3,0.004
H34.8,33,3,0.004
H33.3,170,3,0.004
H27.1,320,3,0.004
Z39.2,21,3,0.004
K862,65,3,0.004
K861,100,3,0.004
L998,3,3,0.004
K81.,188,3,0.004
K81,128,3,0.004
K85.8,295,3,0.004
K85,94,3,0.004
D693,23,3,0.004
M17.0,359,3,0.004
M167,33,3,0.004
M205,55,3,0.004
Z30.,76,3,0.004
E878,244,3,0.004
E875,140,3,0.004
D570,442,3,0.004
M23.9,202,3,0.004
M258,77,3,0.004
M254,4,3,0.004
M25,9,3,0.004
K80.5,285,3,0.004
M436,3,3,0.004
D69.3,512,3,0.004
M500,189,3,0.004
M50.0,502,3,0.004
K601,110,3,0.004
K703,164,3,0.004
K63,70,3,0.004
K625,353,3,0.004
M519,69,3,0.004
G91.9,381,3,0.004
D464,77,3,0.004
D45,5,3,0.004
D57.0,644,3,0.004
D500,131,3,0.004
K621,117,3,0.004
K612,66,3,0.004
M541,27,3,0.004
M54.9,123,3,0.004
M65.8,105,3,0.004
M65,10,3,0.004
M62.8,93,3,0.004
F00.,9,3,0.004
F00,74,3,0.004
E90,454,3,0.004
K593,148,3,0.004
D48.6,136,3,0.004
V877,10,3,0.004
B023,115,3,0.004
D48.5,41,3,0.004
D48.,67,3,0.004
K570,175,3,0.004
K60.2,87,3,0.004
M67,3,3,0.004
M75.,125,3,0.004
M720,27,3,0.004
K460,110,3,0.004
K56.6,895,3,0.004
F100,178,3,0.004
F10.2,60,3,0.004
F069,1810,3,0.004
M77,6,3,0.004
M766,78,3,0.004
T840,235,3,0.004
T833,105,3,0.004
U071,78,3,0.004
H70,8,3,0.004
H66.9,123,3,0.004
M792,18,3,0.004
D34,264,3,0.004
K43,104,3,0.004
K52.,143,3,0.004
K510,28,3,0.004
M791,188,3,0.004
M79.6,101,3,0.004
S999,19,3,0.004
T19.1,143,3,0.004
G71,12,3,0.004
G93,217,3,0.004
T814,34,3,0.004
M862,166,3,0.004
M841,88,3,0.004
M95.0,80,3,0.004
F25.,106,3,0.004
N02,514,3,0.004
F19,664,3,0.004
F14.2,10,3,0.004
D180,49,3,0.004
F33.,49,3,0.004
N188,2691,3,0.004
D229,33,3,0.004
K316,480,3,0.004
K31.7,101,3,0.004
F330,39,3,0.004
N210,142,3,0.004
B19.,93,3,0.004
S836,4,3,0.004
S834,151,3,0.004
S93.2,170,3,0.004
S92.3,197,3,0.004
S92.0,373,3,0.004
T08,129,3,0.004
N309,44,3,0.004
N350,191,3,0.004
K122,459,3,0.004
K121,45,3,0.004
D110,247,3,0.004
D05.9,190,3,0.004
S82.5,381,3,0.004
S82.2,137,3,0.004
S819,76,3,0.004
H90.3,146,3,0.004
S830,108,3,0.004
S909,9,3,0.004
D17.1,103,3,0.004
N488,127,3,0.004
F329,77,3,0.004
F321,177,3,0.004
F32.3,73,3,0.004
K21,120,3,0.004
N648,40,3,0.004
N645,106,3,0.004
N61.,327,3,0.004
D122,124,3,0.004
K100,74,3,0.004
K089,14,3,0.004
S72.,596,3,0.004
S681,70,3,0.004
C029,524,3,0.004
I214,327,3,0.004
I21.0,749,3,0.004
I279,93,3,0.004
N750,109,3,0.004
N81,80,3,0.004
N83.2,203,3,0.004
N814,126,3,0.004
J95.5,95,3,0.004
C851,19,3,0.004
D05,101,3,0.004
F410,7,3,0.004
F333,163,3,0.004
F609,40,3,0.004
F600,60,3,0.004
J96.0,756,3,0.004
N835,164,3,0.004
N89,22,3,0.004
S66,47,3,0.004
G61.0,501,3,0.004
G809,122,3,0.004
S628,205,3,0.004
S72.1,368,3,0.004
N88.3,177,3,0.004
N872,76,3,0.004
N938,78,3,0.004
J458,143,3,0.004
J81.,2356,3,0.004
N92.1,52,3,0.004
S462,28,3,0.004
S528,176,3,0.004
S62.,733,3,0.004
C16.9,687,3,0.004
C16,26,3,0.004
I31.3,1080,3,0.004
S61,55,3,0.004
F60.,48,3,0.004
C91.0,1620,3,0.004
J44.0,1761,3,0.004
J44,228,3,0.004
J398,6,3,0.004
O040,91,3,0.004
O009,35,3,0.004
O14.9,23,3,0.004
S220,69,3,0.004
S302,233,3,0.004
S300,15,3,0.004
S42.4,86,3,0.004
O13,57,3,0.004
O069,48,3,0.004
O064,53,3,0.004
O210,47,3,0.004
F841,51,3,0.004
F84.,55,3,0.004
O16,26,3,0.004
C762,270,3,0.004
C85,48,3,0.004
J21,16,3,0.004
F80.9,85,3,0.004
F80.8,37,3,0.004
J330,25,3,0.004
C169,636,3,0.004
C22.9,316,3,0.004
C22,450,3,0.004
S060,95,3,0.004
I495,251,3,0.004
I49.5,283,3,0.004
I63.9,1818,3,0.004
S09.,1212,3,0.004
O234,279,3,0.004
O219,51,3,0.004
O33.,30,3,0.004
J219,134,3,0.004
J21.,100,3,0.004
R599,164,3,0.004
R59.9,184,3,0.004
S023,144,3,0.004
S09,180,3,0.004
G500,42,3,0.004
G50.0,284,3,0.004
O300,38,3,0.004
O459,78,3,0.004
O42.,49,3,0.004
J12.,74,3,0.004
F91,45,3,0.004
F848,31,3,0.004
G20.,388,3,0.004
O801,32,3,0.004
C719,50,3,0.004
C71.1,2527,3,0.004
P000,64,3,0.004
J12.9,456,3,0.004
R52,86,3,0.004
C180,364,3,0.004
C259,41,3,0.004
I609,212,3,0.004
C258,89,3,0.004
R57.0,748,3,0.004
R560,13,3,0.004
R55.,757,3,0.004
R609,119,3,0.004
P22.9,678,3,0.004
G12.1,92,3,0.004
P700,24,3,0.004
P59,17,3,0.004
C54.8,179,3,0.004
Q070,315,3,0.004
Q02,87,3,0.004
P925,15,3,0.004
R42.,129,3,0.004
R529,14,3,0.004
C25.8,538,3,0.004
C229,782,3,0.004
I702,215,3,0.004
I69,48,3,0.004
I749,324,3,0.004
Q531,61,3,0.004
Q53,178,3,0.004
Q660,104,3,0.004
Q66.7,245,3,0.004
I847,14,3,0.004
Q902,122,3,0.004
I808,187,3,0.004
I82.9,62,3,0.004
I843,35,3,0.004
G406,25,3,0.004
G450,118,3,0.004
C448,54,3,0.004
C53.9,104,3,0.004
R073,177,3,0.004
R071,40,3,0.004
I80.2,68,3,0.004
I829,96,3,0.004
I828,52,3,0.004
R190,223,3,0.004
R18,114,3,0.004
C439,85,3,0.004
R224,38,3,0.004
R221,136,3,0.004
R220,84,3,0.004
R22.9,274,3,0.004
L05,122,3,0.004
K92.1,116,3,0.004
Z478,77,3,0.004
Z933,93,3,0.004
Z952,937,3,0.004
L024,579,3,0.004
L022,14,3,0.004
L020,55,3,0.004
L02.8,148,3,0.004
A0903,2,2,0.003
A047,4,2,0.003
Z741,16,2,0.003
L02.9,156,2,0.003
A40.3,848,2,0.003
G95,14,2,0.003
H186,31,2,0.003
Z48.0,2,2,0.003
Z92.0,30,2,0.003
A082,326,2,0.003
L239,8,2,0.003
L208,10,2,0.003
L20,48,2,0.003
L40.9,31,2,0.003
E232,25,2,0.003
E210,107,2,0.003
E162,85,2,0.003
E16.2,155,2,0.003
E149,24,2,0.003
L72,64,2,0.003
Z10,8,2,0.003
I792,190,2,0.003
I770,227,2,0.003
I830,77,2,0.003
R19.0,177,2,0.003
R18.,232,2,0.003
C44.,42,2,0.003
G442,11,2,0.003
G44.2,7,2,0.003
G44.,2,2,0.003
G44,2,2,0.003
G433,342,2,0.003
G51.0,56,2,0.003
G501,91,2,0.003
R202,79,2,0.003
A04.7,1678,2,0.003
L05.,107,2,0.003
R07.1,114,2,0.003
R042,113,2,0.003
R041,8,2,0.003
I82.,20,2,0.003
I81.,145,2,0.003
G401,8,2,0.003
G40.9,1363,2,0.003
G454,37,2,0.003
G45.8,208,2,0.003
R10.2,67,2,0.003
C530,169,2,0.003
C53,21,2,0.003
R070,2,2,0.003
I80.0,221,2,0.003
I80.,12,2,0.003
I80,113,2,0.003
Q938,8,2,0.003
R194,2,2,0.003
R41,31,2,0.003
R40.0,69,2,0.003
R40,36,2,0.003
C341,34,2,0.003
C44.6,40,2,0.003
I743,26,2,0.003
I74.8,463,2,0.003
I802,42,2,0.003
R33,63,2,0.003
R30.0,130,2,0.003
R30,252,2,0.003
R490,6,2,0.003
R458,41,2,0.003
R451,14,2,0.003
R522,63,2,0.003
C251,294,2,0.003
C250,314,2,0.003
C25.0,191,2,0.003
I634,24,2,0.003
I678,37,2,0.003
I676,30,2,0.003
Q519,14,2,0.003
Q380,28,2,0.003
Q549,46,2,0.003
Q541,37,2,0.003
Q54.0,88,2,0.003
Q831,73,2,0.003
G45.,65,2,0.003
I95.9,66,2,0.003
I87,13,2,0.003
P598,28,2,0.003
P590,39,2,0.003
P589,11,2,0.003
P53,41,2,0.003
Q181,16,2,0.003
C56.,503,2,0.003
C549,69,2,0.003
C541,1087,2,0.003
C670,132,2,0.003
Q04,8,2,0.003
Q38.3,24,2,0.003
Q38.1,27,2,0.003
Q282,23,2,0.003
J03.9,53,2,0.003
R410,32,2,0.003
R41.8,132,2,0.003
R571,73,2,0.003
C19.,583,2,0.003
I61,126,2,0.003
I608,47,2,0.003
I60,30,2,0.003
I67.1,163,2,0.003
O894,32,2,0.003
P391,48,2,0.003
P368,34,2,0.003
P219,77,2,0.003
J01.,26,2,0.003
I958,50,2,0.003
J10.8,1165,2,0.003
G120,237,2,0.003
G12,97,2,0.003
G062,205,2,0.003
O600,84,2,0.003
O60.0,27,2,0.003
O60,75,2,0.003
O48,45,2,0.003
O808,12,2,0.003
C711,279,2,0.003
C795,164,2,0.003
C793,82,2,0.003
C67.2,102,2,0.003
C65,83,2,0.003
C64.,287,2,0.003
G060,93,2,0.003
J10.1,53,2,0.003
J038,56,2,0.003
J13,96,2,0.003
R50.8,180,2,0.003
O32.1,30,2,0.003
S000,88,2,0.003
R92.,58,2,0.003
R91.,384,2,0.003
S02.2,47,2,0.003
S015,72,2,0.003
S068,544,2,0.003
C18.2,760,2,0.003
G574,116,2,0.003
C18.1,339,2,0.003
C18.,302,2,0.003
O41.9,89,2,0.003
O365,30,2,0.003
J118,19,2,0.003
J110,19,2,0.003
J20.,74,2,0.003
S06.0,82,2,0.003
S22.0,226,2,0.003
S202,10,2,0.003
S090,23,2,0.003
I44.1,235,2,0.003
I50.1,484,2,0.003
O339,73,2,0.003
O331,24,2,0.003
G129,53,2,0.003
J181,28,2,0.003
J32.0,81,2,0.003
J311,2,2,0.003
J304,2,2,0.003
J22.,35,2,0.003
J21.8,144,2,0.003
O33,60,2,0.003
F70,4,2,0.003
J35.8,38,2,0.003
O21.0,61,2,0.003
O20.0,40,2,0.003
O16.,91,2,0.003
O150,15,2,0.003
O140,44,2,0.003
O289,3,2,0.003
C78.7,255,2,0.003
C845,37,2,0.003
C839,15,2,0.003
F809,20,2,0.003
G039,50,2,0.003
G008,14,2,0.003
C17,4,2,0.003
C160,171,2,0.003
S27.2,798,2,0.003
S224,14,2,0.003
S223,13,2,0.003
S32.4,51,2,0.003
S32.0,108,2,0.003
S314,46,2,0.003
S311,262,2,0.003
I47.2,1909,2,0.003
G56.1,80,2,0.003
G56,57,2,0.003
S42.8,261,2,0.003
O14.0,27,2,0.003
O10.,185,2,0.003
O059,122,2,0.003
J358,221,2,0.003
F72,39,2,0.003
C83.8,587,2,0.003
C83.7,2148,2,0.003
C829,30,2,0.003
C82.9,44,2,0.003
C81,32,2,0.003
N99.9,90,2,0.003
N971,50,2,0.003
J44.9,450,2,0.003
J44.,100,2,0.003
J438,3,2,0.003
J69.0,899,2,0.003
J68,4,2,0.003
N944,36,2,0.003
O029,91,2,0.003
O001,75,2,0.003
S29,47,2,0.003
S510,79,2,0.003
S531,79,2,0.003
S524,22,2,0.003
S619,73,2,0.003
I255,179,2,0.003
I35.1,1094,2,0.003
I472,671,2,0.003
N909,14,2,0.003
N908,32,2,0.003
O00.8,107,2,0.003
O00.1,72,2,0.003
J46,217,2,0.003
F50,8,2,0.003
F80.,32,2,0.003
C833,109,2,0.003
C83.9,73,2,0.003
G804,12,2,0.003
I26.,195,2,0.003
S621,48,2,0.003
S72.2,533,2,0.003
N882,60,2,0.003
N871,10,2,0.003
N859,14,2,0.003
N858,115,2,0.003
N856,122,2,0.003
J93.9,155,2,0.003
J84.9,108,2,0.003
N93.9,95,2,0.003
N93,73,2,0.003
N926,28,2,0.003
S42,241,2,0.003
S52.0,218,2,0.003
N85.0,41,2,0.003
K07.8,214,2,0.003
C880,2,2,0.003
N84.1,36,2,0.003
N84,80,2,0.003
J961,103,2,0.003
F41.9,10,2,0.003
F41.2,33,2,0.003
F34.,30,2,0.003
S601,9,2,0.003
S660,69,2,0.003
S647,18,2,0.003
S637,4,2,0.003
S636,43,2,0.003
G61.8,835,2,0.003
G576,100,2,0.003
B34.2,46,2,0.003
B34.,174,2,0.003
B309,2,2,0.003
I249,8,2,0.003
I24,623,2,0.003
G610,294,2,0.003
S72.7,416,2,0.003
N808,55,2,0.003
N80.8,22,2,0.003
N80.5,443,2,0.003
N83.,62,2,0.003
N819,110,2,0.003
N810,94,2,0.003
N81.8,147,2,0.003
N852,112,2,0.003
N851,60,2,0.003
N489,64,2,0.003
K072,159,2,0.003
F33,22,2,0.003
N701,107,2,0.003
N64.9,102,2,0.003
N64,150,2,0.003
N60.,2,2,0.003
D03.3,5,2,0.003
C945,97,2,0.003
C929,230,2,0.003
K102,106,2,0.003
K08.1,107,2,0.003
N751,133,2,0.003
S710,76,2,0.003
S700,91,2,0.003
S699,33,2,0.003
S82.8,1010,2,0.003
S82.3,211,2,0.003
S82,124,2,0.003
I208,11,2,0.003
I20.8,148,2,0.003
S81,92,2,0.003
S809,5,2,0.003
S825,18,2,0.003
S903,2,2,0.003
N43.0,94,2,0.003
N428,104,2,0.003
N42.9,160,2,0.003
N46.,66,2,0.003
N46,48,2,0.003
N44.,63,2,0.003
N49.9,401,2,0.003
H81.1,109,2,0.003
H80.,120,2,0.003
H72.0,12,2,0.003
S913,22,2,0.003
T019,72,2,0.003
N329,52,2,0.003
N30.9,65,2,0.003
N39.8,119,2,0.003
N359,19,2,0.003
N35.9,102,2,0.003
N430,51,2,0.003
K25,12,2,0.003
N43.2,99,2,0.003
D11.7,148,2,0.003
D17.2,64,2,0.003
S72.3,184,2,0.003
N17,82,2,0.003
N21,18,2,0.003
N19,316,2,0.003
N288,135,2,0.003
D161,91,2,0.003
D15.2,351,2,0.003
D129,9,2,0.003
D126,960,2,0.003
K222,473,2,0.003
N211,102,2,0.003
N21.9,172,2,0.003
N21.,94,2,0.003
B08.1,35,2,0.003
B07.,33,2,0.003
S86.0,121,2,0.003
S927,396,2,0.003
K421,65,2,0.003
K42.0,80,2,0.003
F14,1011,2,0.003
N11.1,332,2,0.003
N18,63,2,0.003
D219,15,2,0.003
D179,39,2,0.003
D177,78,2,0.003
D173,7,2,0.003
K296,12,2,0.003
K291,22,2,0.003
K29.1,78,2,0.003
F209,30,2,0.003
F208,45,2,0.003
N178,42,2,0.003
N171,78,2,0.003
F252,31,2,0.003
K41.9,60,2,0.003
K404,112,2,0.003
K451,103,2,0.003
K44.9,100,2,0.003
M868,24,2,0.003
N049,350,2,0.003
N028,17,2,0.003
M999,5,2,0.003
D252,203,2,0.003
D25.,157,2,0.003
D233,22,2,0.003
D231,24,2,0.003
F313,4,2,0.003
K35.1,29,2,0.003
K35.,72,2,0.003
S932,70,2,0.003
T181,7,2,0.003
T18,3,2,0.003
T141,2,2,0.003
T190,47,2,0.003
T189,12,2,0.003
T424,45,2,0.003
G80.0,35,2,0.003
G93.2,533,2,0.003
T81.4,140,2,0.003
T81,295,2,0.003
M861,145,2,0.003
M860,40,2,0.003
M86.9,88,2,0.003
M86.,539,2,0.003
F132,23,2,0.003
T85,55,2,0.003
H601,139,2,0.003
H660,11,2,0.003
T928,32,2,0.003
T925,81,2,0.003
T922,135,2,0.003
T920,80,2,0.003
D330,468,2,0.003
D43.0,1134,2,0.003
K52,116,2,0.003
K51.,288,2,0.003
K501,28,2,0.003
K500,18,2,0.003
M79.0,10,2,0.003
M79,2,2,0.003
M863,19,2,0.003
K57.4,286,2,0.003
M664,196,2,0.003
M66.5,118,2,0.003
M719,5,2,0.003
M709,2,2,0.003
K564,184,2,0.003
F101,8,2,0.003
F09,480,2,0.003
M77.4,95,2,0.003
M768,9,2,0.003
M767,29,2,0.003
M798,61,2,0.003
T789,73,2,0.003
T84.5,467,2,0.003
T84,103,2,0.003
T859,78,2,0.003
X640,25,2,0.003
H521,24,2,0.003
H52.2,5,2,0.003
H65.2,13,2,0.003
H65,2,2,0.003
H612,9,2,0.003
H61.2,4,2,0.003
W854,525,2,0.003
Y579,7,2,0.003
B022,50,2,0.003
K550,124,2,0.003
K522,3,2,0.003
K52.8,104,2,0.003
K578,21,2,0.003
K575,39,2,0.003
K571,87,2,0.003
D440,94,2,0.003
D509,146,2,0.003
D508,28,2,0.003
K591,18,2,0.003
M624,9,2,0.003
M610,139,2,0.003
K60,68,2,0.003
F03.,176,2,0.003
F009,35,2,0.003
F109,6,2,0.003
M70.4,70,2,0.003
D399,15,2,0.003
T90,92,2,0.003
W019,2,2,0.003
W010,13,2,0.003
X649,119,2,0.003
X840,54,2,0.003
Z039,168,2,0.003
Z035,13,2,0.003
A920,2,2,0.003
A879,18,2,0.003
A689,11,2,0.003
B07,9,2,0.003
G91.2,601,2,0.003
G91.,2596,2,0.003
G822,61,2,0.003
G82.4,51,2,0.003
H00.1,45,2,0.003
M512,95,2,0.003
M602,165,2,0.003
D47.1,786,2,0.003
D469,1201,2,0.003
K729,32,2,0.003
K721,75,2,0.003
K80.4,232,2,0.003
M45,11,2,0.003
M431,151,2,0.003
M419,89,2,0.003
D489,10,2,0.003
D486,29,2,0.003
D481,14,2,0.003
D480,37,2,0.003
D69.1,459,2,0.003
K602,11,2,0.003
K65.0,599,2,0.003
B02.9,89,2,0.003
B02.,57,2,0.003
B250,80,2,0.003
M220,133,2,0.003
M22.4,60,2,0.003
M211,39,2,0.003
M21.4,158,2,0.003
M242,26,2,0.003
M24.1,144,2,0.003
E876,30,2,0.003
E870,143,2,0.003
E87.8,87,2,0.003
F05.9,184,2,0.003
D62,64,2,0.003
M234,124,2,0.003
M231,27,2,0.003
M328,11,2,0.003
M46.4,1070,2,0.003
K743,78,2,0.003
Z010,34,2,0.003
Z01.9,58,2,0.003
Z139,92,2,0.003
Z130,41,2,0.003
Z129,22,2,0.003
Z128,210,2,0.003
H26,9,2,0.003
H50.1,86,2,0.003
H49.0,640,2,0.003
H40.,2,2,0.003
H353,62,2,0.003
H350,45,2,0.003
H53.8,158,2,0.003
Z12.3,2,2,0.003
M191,10,2,0.003
M222,74,2,0.003
K92,54,2,0.003
K918,99,2,0.003
L97.,244,2,0.003
L930,457,2,0.003
M161,236,2,0.003
M16.9,285,2,0.003
M16.0,177,2,0.003
M16,60,2,0.003
M10,2,2,0.003
M073,9,2,0.003
E108,21,2,0.003
K82,8,2,0.003
K818,74,2,0.003
E835,163,2,0.003
E834,79,2,0.003
Z019,9,2,0.003
L84.,76,2,0.003
L84,55,2,0.003
K91.3,1699,2,0.003
K869,32,2,0.003
K868,101,2,0.003
K859,25,2,0.003
K858,79,2,0.003
L02.1,60,2,0.003
E04.2,182,2,0.003
E04,125,2,0.003
E145,180,2,0.003
E141,33,2,0.003
E14.5,38,2,0.003
E14,222,2,0.003
K839,165,2,0.003
K824,140,2,0.003
Z090,18,2,0.003
Z348,66,2,0.003
A491,61,2,0.003
A490,432,2,0.003
B001,14,2,0.003
H18.6,59,2,0.003
H35,26,2,0.003
H33.0,2,2,0.003
H264,116,2,0.003
Z305,81,2,0.003
L609,12,2,0.003
L570,14,2,0.003
L928,8,2,0.003
L923,9,2,0.003
L910,41,2,0.003
L89,727,2,0.003
A409,1627,2,0.003
L050,55,2,0.003
Z45.9,82,2,0.003
H029,7,2,0.003
H02.4,39,2,0.003
H02.1,86,2,0.003
Z930,32,2,0.003
Z760,9,2,0.003
L25,2,2,0.003
L24,2,2,0.003
Z379,81,2,0.003
Z37.2,79,2,0.003
Z421,14,2,0.003
Z418,14,2,0.003
H25.,169,2,0.003
G952,62,2,0.003
K92.9,132,2,0.003
K92.,141,2,0.003
L03.3,3053,2,0.003
L03.,28,2,0.003
E131,26,2,0.003
E119,18,2,0.003
E118,109,2,0.003
E116,264,2,0.003
E11.5,192,2,0.003
L03.9,62,2,0.003
Z479,9,2,0.003
Z960,8,2,0.003
Z955,267,2,0.003
A501,96,2,0.003
Z518,85,2,0.003
Z51,68,2,0.003
A084,1,1,0.001
A08,1,1,0.001
A08.1,198,1,0.001
A08.4,43,1,0.001
Z60.,158,1,0.001
H25.1,2,1,0.001
H02,5,1,0.001
H02.3,36,1,0.001
H021,34,1,0.001
H04.0,22,1,0.001
A41.1,20,1,0.001
Z95,1,1,0.001
Z95.,1,1,0.001
Z95.4,39,1,0.001
Z95.5,94,1,0.001
Z71.2,27,1,0.001
Z719,1,1,0.001
Z468,6,1,0.001
Z47.0,61,1,0.001
Z48.,32,1,0.001
L25.,7,1,0.001
L27,1,1,0.001
L040,46,1,0.001
E11,90,1,0.001
E11.6,125,1,0.001
E11.9,36,1,0.001
E13,5,1,0.001
E13.1,52,1,0.001
K92.8,41,1,0.001
L049,2,1,0.001
L02.4,54,1,0.001
E43,4,1,0.001
E43.,138,1,0.001
E66.0,73,1,0.001
E109,6,1,0.001
A27.9,507,1,0.001
L30.9,7,1,0.001
L303,1,1,0.001
L40,28,1,0.001
L40.0,10,1,0.001
L400,20,1,0.001
L408,3,1,0.001
L44,8,1,0.001
L50,1,1,0.001
L50.8,36,1,0.001
L08.9,19,1,0.001
L12.0,28,1,0.001
L120,11,1,0.001
L139,6,1,0.001
L20.9,10,1,0.001
L235,1,1,0.001
L236,22,1,0.001
L70,22,1,0.001
L721,61,1,0.001
L272,1,1,0.001
L29,2,1,0.001
K928,25,1,0.001
E87,524,1,0.001
E87.0,670,1,0.001
E161,1,1,0.001
E21,137,1,0.001
E211,10,1,0.001
E24,10,1,0.001
E279,14,1,0.001
E28.2,23,1,0.001
L010,5,1,0.001
L299,7,1,0.001
L30.3,34,1,0.001
M00.9,123,1,0.001
M000,11,1,0.001
L739,8,1,0.001
L82,17,1,0.001
L89.,524,1,0.001
L90.9,137,1,0.001
L909,18,1,0.001
L91.0,8,1,0.001
L918,92,1,0.001
L919,4,1,0.001
L92.3,58,1,0.001
L508,6,1,0.001
L539,2,1,0.001
L589,12,1,0.001
L60,1,1,0.001
L602,17,1,0.001
E049,20,1,0.001
E05,18,1,0.001
E078,6,1,0.001
E10.3,132,1,0.001
E10.5,52,1,0.001
E10.8,399,1,0.001
L02.0,41,1,0.001
K86.1,123,1,0.001
K86.8,66,1,0.001
K86.9,10,1,0.001
K903,19,1,0.001
K910,87,1,0.001
K913,405,1,0.001
K914,80,1,0.001
M00,6,1,0.001
M00.,261,1,0.001
M138,31,1,0.001
M139,51,1,0.001
M16.5,123,1,0.001
L929,5,1,0.001
L98.,35,1,0.001
K828,9,1,0.001
K829,9,1,0.001
K83,87,1,0.001
K833,27,1,0.001
K85.,6,1,0.001
K81.8,157,1,0.001
E88.9,49,1,0.001
E880,32,1,0.001
L99,3,1,0.001
L99.,52,1,0.001
E14.8,35,1,0.001
E106,114,1,0.001
D69.6,268,1,0.001
D69.9,46,1,0.001
D72.8,26,1,0.001
D734,117,1,0.001
D750,16,1,0.001
D759,3,1,0.001
D76,3,1,0.001
D80,22,1,0.001
M174,57,1,0.001
M175,44,1,0.001
M180,6,1,0.001
M068,104,1,0.001
M069,34,1,0.001
M109,3,1,0.001
M130,76,1,0.001
M164,10,1,0.001
M166,10,1,0.001
M17.,47,1,0.001
E889,24,1,0.001
E66.2,61,1,0.001
E672,39,1,0.001
E750,109,1,0.001
E754,8,1,0.001
E78.2,1,1,0.001
K759,1,1,0.001
K76.,91,1,0.001
K760,14,1,0.001
K764,2,1,0.001
K768,233,1,0.001
K769,100,1,0.001
E102,7,1,0.001
M24.5,68,1,0.001
M244,9,1,0.001
M21.1,81,1,0.001
M210,13,1,0.001
M215,45,1,0.001
M219,45,1,0.001
M221,12,1,0.001
M23.8,5,1,0.001
M189,7,1,0.001
M192,12,1,0.001
M198,38,1,0.001
M20,9,1,0.001
M20.6,65,1,0.001
M204,8,1,0.001
M206,43,1,0.001
M163,1,1,0.001
D598,94,1,0.001
D613,42,1,0.001
D618,22,1,0.001
D63.0,9,1,0.001
K80.0,60,1,0.001
F05.0,7,1,0.001
F05.1,278,1,0.001
F050,23,1,0.001
F051,43,1,0.001
E87.6,15,1,0.001
E874,10,1,0.001
E88,83,1,0.001
E88.1,106,1,0.001
E88.2,29,1,0.001
D63.8,52,1,0.001
D638,156,1,0.001
M249,43,1,0.001
M25.,3,1,0.001
M253,1,1,0.001
M256,80,1,0.001
M303,154,1,0.001
M318,53,1,0.001
M32.1,21,1,0.001
M321,10,1,0.001
M236,35,1,0.001
D80.,8,1,0.001
D801,35,1,0.001
D805,66,1,0.001
D809,70,1,0.001
D86.9,367,1,0.001
D571,69,1,0.001
D591,9,1,0.001
M415,85,1,0.001
M429,41,1,0.001
M43.1,170,1,0.001
K80.3,917,1,0.001
K710,93,1,0.001
K72.,63,1,0.001
K72.0,67,1,0.001
K72.9,187,1,0.001
K720,116,1,0.001
K739,213,1,0.001
K74.,8,1,0.001
K74.6,2012,1,0.001
K740,43,1,0.001
K745,206,1,0.001
M46.2,212,1,0.001
M248,1,1,0.001
D48.7,97,1,0.001
D48.9,13,1,0.001
D483,6,1,0.001
D485,5,1,0.001
D487,48,1,0.001
D50,20,1,0.001
D50.,25,1,0.001
M502,41,1,0.001
M509,18,1,0.001
M51.0,71,1,0.001
M329,195,1,0.001
M340,199,1,0.001
M35,152,1,0.001
M35.0,1223,1,0.001
M352,4,1,0.001
M41,2,1,0.001
M47,19,1,0.001
M47.8,29,1,0.001
M472,36,1,0.001
M481,58,1,0.001
M493,27,1,0.001
K75.4,47,1,0.001
K752,138,1,0.001
K629,11,1,0.001
K63.8,55,1,0.001
K632,37,1,0.001
K659,139,1,0.001
K669,5,1,0.001
K700,10,1,0.001
K71,85,1,0.001
K600,1,1,0.001
D688,9,1,0.001
K59.3,285,1,0.001
D57,27,1,0.001
D44.1,82,1,0.001
D44.3,42,1,0.001
D46.9,1264,1,0.001
D467,22,1,0.001
D472,1,1,0.001
M60.2,482,1,0.001
M60.9,1,1,0.001
M518,7,1,0.001
M53.2,107,1,0.001
M530,1,1,0.001
M532,258,1,0.001
M54.3,3,1,0.001
M461,11,1,0.001
M464,63,1,0.001
M622,90,1,0.001
M65.,23,1,0.001
M65.2,35,1,0.001
M546,5,1,0.001
K61.,239,1,0.001
K61.0,134,1,0.001
K61.1,50,1,0.001
K61.2,55,1,0.001
K613,17,1,0.001
K62.3,61,1,0.001
K62.5,38,1,0.001
K622,38,1,0.001
K58.0,280,1,0.001
K589,40,1,0.001
K59.,22,1,0.001
K59.1,59,1,0.001
D39.7,3,1,0.001
M70.6,5,1,0.001
M701,70,1,0.001
F104,196,1,0.001
F118,15,1,0.001
F12.,8,1,0.001
F00.0,11,1,0.001
F001,220,1,0.001
F02,90,1,0.001
F023,14,1,0.001
K60.,43,1,0.001
M702,60,1,0.001
M704,9,1,0.001
M61.,35,1,0.001
M62.9,29,1,0.001
M621,1,1,0.001
M70,81,1,0.001
K60.0,40,1,0.001
K567,45,1,0.001
K57.1,38,1,0.001
K57.2,56,1,0.001
K52.1,38,1,0.001
K55.,293,1,0.001
K55.0,46,1,0.001
D473,2,1,0.001
D369,25,1,0.001
D37.4,228,1,0.001
D37.6,72,1,0.001
D370,9,1,0.001
D381,33,1,0.001
D39.,10,1,0.001
D39.0,98,1,0.001
F190,6,1,0.001
F195,6,1,0.001
F058,7,1,0.001
F062,120,1,0.001
F067,16,1,0.001
F072,1,1,0.001
K56.5,706,1,0.001
K461,48,1,0.001
M712,12,1,0.001
M72.2,4,1,0.001
M728,6,1,0.001
M75.0,2,1,0.001
M75.5,115,1,0.001
M650,59,1,0.001
M652,54,1,0.001
M665,46,1,0.001
D291,71,1,0.001
D300,96,1,0.001
D32.,3126,1,0.001
D33.1,381,1,0.001
D33.4,229,1,0.001
D331,39,1,0.001
D334,53,1,0.001
M799,1,1,0.001
M753,1,1,0.001
M758,63,1,0.001
M76.6,2,1,0.001
M76.8,8,1,0.001
M762,22,1,0.001
M77.,34,1,0.001
M77.0,10,1,0.001
M77.3,5,1,0.001
M79.3,7,1,0.001
K50,3,1,0.001
K508,44,1,0.001
K51.0,174,1,0.001
K51.8,239,1,0.001
K52.0,488,1,0.001
K43.,79,1,0.001
K43.0,4,1,0.001
K43.1,2,1,0.001
K431,69,1,0.001
D410,6,1,0.001
D43.2,87,1,0.001
D434,40,1,0.001
D44.0,67,1,0.001
D282,6,1,0.001
D287,8,1,0.001
M890,31,1,0.001
M893,130,1,0.001
M895,82,1,0.001
M918,292,1,0.001
M939,132,1,0.001
M94,73,1,0.001
M95.4,175,1,0.001
M801,24,1,0.001
M84.1,103,1,0.001
M84.4,193,1,0.001
M840,77,1,0.001
M842,20,1,0.001
M86.3,26,1,0.001
M86.4,81,1,0.001
M86.6,113,1,0.001
M79.2,3,1,0.001
N029,6,1,0.001
N04,4,1,0.001
N04.,55,1,0.001
M864,12,1,0.001
K449,10,1,0.001
K450,98,1,0.001
K458,82,1,0.001
K46.,113,1,0.001
K41.4,535,1,0.001
F25,138,1,0.001
F25.9,90,1,0.001
F122,8,1,0.001
F13.2,16,1,0.001
M87.9,88,1,0.001
M870,10,1,0.001
M879,8,1,0.001
D36.9,37,1,0.001
D360,90,1,0.001
D361,180,1,0.001
D23.2,61,1,0.001
D25.2,63,1,0.001
N132,4,1,0.001
N133,8,1,0.001
N137,3,1,0.001
N139,15,1,0.001
N15.1,850,1,0.001
M99.3,36,1,0.001
N009,11,1,0.001
N013,24,1,0.001
N02.,22,1,0.001
N02.9,37,1,0.001
N020,6,1,0.001
D21.0,65,1,0.001
D216,18,1,0.001
N11,3,1,0.001
N12,11,1,0.001
N13.0,161,1,0.001
F143,44,1,0.001
F162,5,1,0.001
K317,37,1,0.001
K319,22,1,0.001
K35.0,49,1,0.001
K36,82,1,0.001
F315,46,1,0.001
F20.9,26,1,0.001
N13.1,6,1,0.001
N13.3,166,1,0.001
N130,42,1,0.001
N170,70,1,0.001
D269,69,1,0.001
F201,120,1,0.001
F202,18,1,0.001
F205,48,1,0.001
F21,3,1,0.001
F233,76,1,0.001
F239,90,1,0.001
K389,148,1,0.001
K29.9,52,1,0.001
K290,8,1,0.001
K299,35,1,0.001
D28.0,31,1,0.001
D18,55,1,0.001
D18.0,336,1,0.001
D21,41,1,0.001
D22.9,7,1,0.001
D225,6,1,0.001
D128,39,1,0.001
D137,41,1,0.001
D143,1915,1,0.001
D152,1,1,0.001
D16.5,98,1,0.001
D162,7,1,0.001
D166,4,1,0.001
N258,106,1,0.001
N289,168,1,0.001
N29.8,75,1,0.001
N151,32,1,0.001
N158,125,1,0.001
N159,5,1,0.001
N17.8,23,1,0.001
N21.8,48,1,0.001
N218,35,1,0.001
F33.1,90,1,0.001
F331,3,1,0.001
F258,84,1,0.001
F31.5,15,1,0.001
F31.8,69,1,0.001
F311,16,1,0.001
K31.5,35,1,0.001
K31.8,96,1,0.001
K314,289,1,0.001
K22.1,58,1,0.001
K220,36,1,0.001
K223,374,1,0.001
N22.8,12,1,0.001
D22,23,1,0.001
N433,5,1,0.001
N35.0,58,1,0.001
N358,5,1,0.001
N361,3,1,0.001
N39.4,92,1,0.001
N30.4,198,1,0.001
N30.8,469,1,0.001
N304,73,1,0.001
N31.,29,1,0.001
N310,37,1,0.001
N312,2,1,0.001
N32,1,1,0.001
N321,431,1,0.001
N322,29,1,0.001
N35.,69,1,0.001
N21.0,66,1,0.001
D11.0,85,1,0.001
K228,3,1,0.001
K25.,29,1,0.001
K25.0,356,1,0.001
K257,10,1,0.001
K259,7,1,0.001
K26.0,166,1,0.001
K267,55,1,0.001
K271,6,1,0.001
K109,6,1,0.001
K11.7,49,1,0.001
K11.8,286,1,0.001
K116,15,1,0.001
K12.1,42,1,0.001
N43.3,44,1,0.001
N432,74,1,0.001
N48.,37,1,0.001
N48.8,36,1,0.001
N48.9,37,1,0.001
N480,42,1,0.001
N41.0,43,1,0.001
N42,63,1,0.001
N42.8,88,1,0.001
N421,15,1,0.001
D168,88,1,0.001
D051,136,1,0.001
D059,73,1,0.001
D06.1,35,1,0.001
D06.7,42,1,0.001
D06.9,38,1,0.001
D069,5,1,0.001
D10,7,1,0.001
N49,4,1,0.001
N49.2,64,1,0.001
N498,1,1,0.001
N499,151,1,0.001
N50,43,1,0.001
N50.,43,1,0.001
N501,35,1,0.001
N508,51,1,0.001
N509,43,1,0.001
N51,40,1,0.001
N44,41,1,0.001
N45.,4,1,0.001
N45.0,26,1,0.001
N45.9,1337,1,0.001
N450,7,1,0.001
N48,77,1,0.001
N62.,56,1,0.001
N709,14,1,0.001
N71.,2,1,0.001
N481,54,1,0.001
N482,60,1,0.001
N483,4,1,0.001
K20.,45,1,0.001
F413,2,1,0.001
F419,60,1,0.001
F43,17,1,0.001
F32.0,32,1,0.001
F328,8,1,0.001
K21.,52,1,0.001
K075,106,1,0.001
K078,13,1,0.001
K08,122,1,0.001
K04,180,1,0.001
N76.5,34,1,0.001
D117,101,1,0.001
D12.2,126,1,0.001
D120,44,1,0.001
D124,41,1,0.001
C92.4,286,1,0.001
C94.2,55,1,0.001
C969,134,1,0.001
D033,33,1,0.001
D039,15,1,0.001
N761,16,1,0.001
N771,9,1,0.001
N511,46,1,0.001
N60.9,33,1,0.001
N61,112,1,0.001
N72.,2,1,0.001
N73.,5,1,0.001
N733,27,1,0.001
N739,18,1,0.001
N75.1,34,1,0.001
K08.9,9,1,0.001
K081,55,1,0.001
K088,11,1,0.001
K090,83,1,0.001
K099,12,1,0.001
K10.2,91,1,0.001
J984,3,1,0.001
K001,55,1,0.001
K008,16,1,0.001
K01.0,52,1,0.001
K039,1,1,0.001
J940,54,1,0.001
J942,127,1,0.001
J950,47,1,0.001
J958,1,1,0.001
N81.4,93,1,0.001
N81.6,35,1,0.001
N816,13,1,0.001
N818,121,1,0.001
N82.,344,1,0.001
N83,5,1,0.001
N83.0,64,1,0.001
N83.1,83,1,0.001
N81.,58,1,0.001
N81.1,56,1,0.001
N81.2,98,1,0.001
N719,23,1,0.001
C85.,138,1,0.001
C85.1,260,1,0.001
C850,5,1,0.001
C857,362,1,0.001
C859,21,1,0.001
N85.,34,1,0.001
K04.8,78,1,0.001
K044,51,1,0.001
K047,9,1,0.001
K05.5,13,1,0.001
K052,65,1,0.001
K06,208,1,0.001
K062,4,1,0.001
J931,83,1,0.001
J938,2,1,0.001
J94.9,37,1,0.001
N89.3,34,1,0.001
N90,2,1,0.001
N90.6,30,1,0.001
N839,6,1,0.001
J96,76,1,0.001
F628,154,1,0.001
F63,16,1,0.001
F339,198,1,0.001
F41.0,4,1,0.001
F41.8,144,1,0.001
J96.9,30,1,0.001
N849,13,1,0.001
D04.1,42,1,0.001
D04.3,45,1,0.001
D042,79,1,0.001
D05.7,32,1,0.001
N93.8,1,1,0.001
N930,40,1,0.001
J969,1,1,0.001
J980,5,1,0.001
J69.8,211,1,0.001
J80.,13,1,0.001
J85.2,137,1,0.001
J852,277,1,0.001
J86.9,241,1,0.001
J93,21,1,0.001
J93.0,1630,1,0.001
J930,16,1,0.001
J45.0,55,1,0.001
J45.1,17,1,0.001
N87.,3,1,0.001
N87.2,43,1,0.001
F80.0,26,1,0.001
F438,2,1,0.001
F44.,52,1,0.001
F48,18,1,0.001
F50.,15,1,0.001
F508,3,1,0.001
F52.,75,1,0.001
F52.2,83,1,0.001
F60,11,1,0.001
J47,2,1,0.001
O00.,45,1,0.001
N90.8,23,1,0.001
N907,42,1,0.001
N92,61,1,0.001
N920,1,1,0.001
N925,7,1,0.001
J680,1,1,0.001
J36.,37,1,0.001
J38,3,1,0.001
J38.4,312,1,0.001
J382,5,1,0.001
J390,13,1,0.001
J42,2,1,0.001
J432,507,1,0.001
N99.3,33,1,0.001
C82,46,1,0.001
C83.,270,1,0.001
C83.3,37,1,0.001
N994,97,1,0.001
N999,47,1,0.001
F721,41,1,0.001
F79,18,1,0.001
O06.,7,1,0.001
O06.4,5,1,0.001
O104,20,1,0.001
O11,16,1,0.001
O120,1,1,0.001
O13.,15,1,0.001
O14,11,1,0.001
O008,66,1,0.001
O01,12,1,0.001
O038,58,1,0.001
O049,26,1,0.001
O05.1,46,1,0.001
N94,1,1,0.001
N95.9,2,1,0.001
N96,7,1,0.001
N97,4,1,0.001
O208,1,1,0.001
O209,31,1,0.001
O21,17,1,0.001
J35.,40,1,0.001
F63.,1,1,0.001
F63.8,15,1,0.001
F64.0,91,1,0.001
F701,60,1,0.001
F709,72,1,0.001
F71.,10,1,0.001
F71.1,25,1,0.001
F711,62,1,0.001
J32.2,65,1,0.001
O21.1,5,1,0.001
O054,99,1,0.001
O06,91,1,0.001
O26,1,1,0.001
C836,79,1,0.001
C844,8,1,0.001
C76.7,629,1,0.001
C77.9,104,1,0.001
C774,107,1,0.001
C775,110,1,0.001
C778,96,1,0.001
C78.,150,1,0.001
C78.0,225,1,0.001
C78.2,292,1,0.001
O284,3,1,0.001
O294,71,1,0.001
O30.0,44,1,0.001
O15.,360,1,0.001
O20.8,3,1,0.001
O22.5,6,1,0.001
O239,36,1,0.001
O24,35,1,0.001
O24.,7,1,0.001
O24.4,87,1,0.001
O241,199,1,0.001
J321,4,1,0.001
G009,17,1,0.001
G01.,17,1,0.001
G04.9,20,1,0.001
F802,7,1,0.001
F808,10,1,0.001
F81.,27,1,0.001
F83,16,1,0.001
J34.,63,1,0.001
O249,3,1,0.001
O418,13,1,0.001
O42.0,66,1,0.001
O45,222,1,0.001
O45.,5,1,0.001
J210,32,1,0.001
J30.,1,1,0.001
J31.1,72,1,0.001
J310,122,1,0.001
J168,189,1,0.001
J173,17,1,0.001
J188,129,1,0.001
O33.4,11,1,0.001
O33.8,8,1,0.001
O338,83,1,0.001
O34.2,10,1,0.001
O340,72,1,0.001
O62.3,7,1,0.001
O623,3,1,0.001
G138,296,1,0.001
G23,28,1,0.001
F843,12,1,0.001
F845,1,1,0.001
F89,9,1,0.001
F91.,2,1,0.001
F913,10,1,0.001
G00.9,220,1,0.001
J20.8,71,1,0.001
O639,123,1,0.001
O36.0,2,1,0.001
O36.5,85,1,0.001
O360,1,1,0.001
O366,75,1,0.001
C791,5,1,0.001
C798,149,1,0.001
C69,10,1,0.001
C71.2,686,1,0.001
C71.8,792,1,0.001
C71.9,110,1,0.001
C718,37,1,0.001
C729,28,1,0.001
O47.9,1,1,0.001
O479,2,1,0.001
O48.,41,1,0.001
O60.2,12,1,0.001
O601,4,1,0.001
O602,6,1,0.001
O618,44,1,0.001
O62.0,4,1,0.001
C66,44,1,0.001
C67.0,17,1,0.001
O83.1,8,1,0.001
O839,11,1,0.001
O84.,8,1,0.001
O842,2,1,0.001
O849,12,1,0.001
O66.0,10,1,0.001
O669,12,1,0.001
O68.1,19,1,0.001
O688,13,1,0.001
O689,9,1,0.001
O70.0,35,1,0.001
O731,8,1,0.001
O750,9,1,0.001
C787,201,1,0.001
G40.0,298,1,0.001
O91.2,41,1,0.001
O998,29,1,0.001
P011,471,1,0.001
P027,18,1,0.001
P05.0,84,1,0.001
P070,26,1,0.001
P071,135,1,0.001
P128,22,1,0.001
O812,8,1,0.001
C74,4,1,0.001
C749,4,1,0.001
C76.2,39,1,0.001
C76.3,1073,1,0.001
C629,29,1,0.001
C639,7,1,0.001
P358,20,1,0.001
P39.0,13,1,0.001
P390,3,1,0.001
P399,922,1,0.001
O862,1,1,0.001
O902,35,1,0.001
J12.8,232,1,0.001
J129,71,1,0.001
J156,26,1,0.001
J157,202,1,0.001
J04,1,1,0.001
J06.,27,1,0.001
J10.,17,1,0.001
J10.0,32,1,0.001
G35.,203,1,0.001
G36.8,947,1,0.001
P711,14,1,0.001
P81,4,1,0.001
G09,4,1,0.001
G12.0,31,1,0.001
G12.2,1,1,0.001
G12.9,21,1,0.001
G121,60,1,0.001
J100,27,1,0.001
J11.,126,1,0.001
I959,19,1,0.001
I982,15,1,0.001
P210,14,1,0.001
P211,108,1,0.001
P220,14,1,0.001
P271,406,1,0.001
P284,123,1,0.001
Q173,72,1,0.001
C674,5,1,0.001
C678,17,1,0.001
C538,13,1,0.001
C539,26,1,0.001
C54.1,43,1,0.001
C540,77,1,0.001
C55.,430,1,0.001
Q189,64,1,0.001
Q21,313,1,0.001
Q21.1,101,1,0.001
Q21.3,66,1,0.001
P540,8,1,0.001
P558,14,1,0.001
P588,2,1,0.001
P612,13,1,0.001
G30.0,4,1,0.001
G30.9,7,1,0.001
G319,70,1,0.001
J020,1,1,0.001
J030,1,1,0.001
Q283,15,1,0.001
Q289,81,1,0.001
Q30.8,72,1,0.001
Q318,35,1,0.001
Q320,89,1,0.001
Q37,6,1,0.001
P919,73,1,0.001
P94,6,1,0.001
P95,28,1,0.001
Q00,30,1,0.001
Q043,51,1,0.001
Q22.1,66,1,0.001
Q234,290,1,0.001
Q24,4,1,0.001
Q240,123,1,0.001
Q250,113,1,0.001
Q26.4,290,1,0.001
J010,16,1,0.001
J014,229,1,0.001
G43.,13,1,0.001
G43.0,55,1,0.001
G43.1,136,1,0.001
G243,9,1,0.001
G248,63,1,0.001
G25.3,246,1,0.001
G252,4,1,0.001
G30.,1,1,0.001
Q610,9,1,0.001
Q622,71,1,0.001
Q64.3,30,1,0.001
Q643,45,1,0.001
Q66.,41,1,0.001
Q667,50,1,0.001
Q386,10,1,0.001
Q39,83,1,0.001
Q399,173,1,0.001
Q40,33,1,0.001
Q400,11,1,0.001
Q43.0,63,1,0.001
Q43.2,91,1,0.001
Q501,27,1,0.001
Q530,8,1,0.001
Q532,39,1,0.001
Q674,65,1,0.001
Q676,6,1,0.001
Q709,10,1,0.001
Q750,22,1,0.001
Q76,36,1,0.001
Q78.6,72,1,0.001
Q782,24,1,0.001
Q85.1,53,1,0.001
Q850,3,1,0.001
Q851,40,1,0.001
Q873,7,1,0.001
Q543,67,1,0.001
Q548,48,1,0.001
Q55,550,1,0.001
Q550,55,1,0.001
Q61.,4,1,0.001
C60,1,1,0.001
C609,5,1,0.001
C620,55,1,0.001
C50.1,95,1,0.001
C50.2,74,1,0.001
C501,8,1,0.001
C503,15,1,0.001
C504,1,1,0.001
C505,90,1,0.001
R008,12,1,0.001
R02,47,1,0.001
R03,43,1,0.001
R03.0,1,1,0.001
R04,36,1,0.001
Q668,6,1,0.001
Q670,2,1,0.001
Q93,3,1,0.001
Q935,24,1,0.001
R00.0,139,1,0.001
R002,23,1,0.001
I85,66,1,0.001
I87.2,11,1,0.001
I871,1,1,0.001
I880,6,1,0.001
I890,10,1,0.001
I95.0,77,1,0.001
I95.8,38,1,0.001
I950,29,1,0.001
I832,93,1,0.001
I84.,39,1,0.001
I84.0,49,1,0.001
I84.8,7,1,0.001
C446,3,1,0.001
C447,4,1,0.001
C48,1,1,0.001
G400,140,1,0.001
G402,16,1,0.001
G41.9,258,1,0.001
G419,4,1,0.001
I82.3,24,1,0.001
I82.8,37,1,0.001
R04.2,10,1,0.001
R048,149,1,0.001
R06.,32,1,0.001
R06.8,21,1,0.001
R07.0,37,1,0.001
Q900,6,1,0.001
Q909,9,1,0.001
C437,60,1,0.001
C44.0,36,1,0.001
R19.5,39,1,0.001
R07.2,173,1,0.001
I822,24,1,0.001
I83.,3,1,0.001
I831,50,1,0.001
I77.0,57,1,0.001
I771,89,1,0.001
I779,151,1,0.001
I80.8,69,1,0.001
C518,51,1,0.001
C52.,52,1,0.001
C441,21,1,0.001
C442,27,1,0.001
C444,60,1,0.001
C492,113,1,0.001
I800,2,1,0.001
G51,59,1,0.001
G510,9,1,0.001
G519,5,1,0.001
G438,163,1,0.001
G439,1,1,0.001
G44.1,97,1,0.001
G44.8,129,1,0.001
G448,72,1,0.001
C50.,71,1,0.001
C402,172,1,0.001
C41.3,582,1,0.001
C41.8,125,1,0.001
C43.8,69,1,0.001
C435,9,1,0.001
C32.1,80,1,0.001
C320,5,1,0.001
C34.0,35,1,0.001
C34.3,261,1,0.001
C34.9,2594,1,0.001
R40.,25,1,0.001
R400,2,1,0.001
R198,42,1,0.001
R20.2,23,1,0.001
R22.7,38,1,0.001
R222,13,1,0.001
R23.2,85,1,0.001
R233,1,1,0.001
R14,21,1,0.001
C49.1,44,1,0.001
C49.5,186,1,0.001
I809,33,1,0.001
I81,553,1,0.001
I71.6,84,1,0.001
I710,64,1,0.001
I719,132,1,0.001
I72.1,69,1,0.001
I721,20,1,0.001
I729,67,1,0.001
I738,7,1,0.001
I74.3,16,1,0.001
I742,15,1,0.001
I748,52,1,0.001
C44.4,59,1,0.001
C269,1,1,0.001
C30,1,1,0.001
C32,7,1,0.001
C384,24,1,0.001
C227,59,1,0.001
C23.,917,1,0.001
C249,23,1,0.001
C25.,15,1,0.001
C25.7,486,1,0.001
R41.0,7,1,0.001
R41.1,35,1,0.001
R418,35,1,0.001
R47.0,68,1,0.001
R47.8,24,1,0.001
R470,9,1,0.001
R471,76,1,0.001
R270,11,1,0.001
R39.1,16,1,0.001
C44.2,46,1,0.001
C21,1,1,0.001
R58,59,1,0.001
R52.2,35,1,0.001
C348,4,1,0.001
C38,9,1,0.001
C383,49,1,0.001
I77,76,1,0.001
I670,9,1,0.001
I674,72,1,0.001
I69.4,140,1,0.001
I693,20,1,0.001
I698,34,1,0.001
I700,1,1,0.001
I709,73,1,0.001
I71,53,1,0.001
I71.0,188,1,0.001
C257,13,1,0.001
I636,33,1,0.001
I650,74,1,0.001
I659,1,1,0.001
I67,6,1,0.001
I67.,34,1,0.001
I67.4,180,1,0.001
I67.6,222,1,0.001
I67.8,418,1,0.001
I519,17,1,0.001
I60.9,1286,1,0.001
I600,39,1,0.001
C260,125,1,0.001
C181,77,1,0.001
C182,24,1,0.001
C184,390,1,0.001
S00.7,27,1,0.001
S00.8,8,1,0.001
S003,90,1,0.001
S007,17,1,0.001
S008,18,1,0.001
S01,1,1,0.001
S01.8,25,1,0.001
R60.9,16,1,0.001
R63.0,24,1,0.001
R633,96,1,0.001
R64.,76,1,0.001
R56.,58,1,0.001
R56.0,37,1,0.001
R57,51,1,0.001
R57.,378,1,0.001
C252,37,1,0.001
I629,24,1,0.001
S066,18,1,0.001
S067,2988,1,0.001
S010,2,1,0.001
S017,7,1,0.001
S018,1,1,0.001
S019,3,1,0.001
S02,2,1,0.001
S02.4,187,1,0.001
S020,5,1,0.001
S025,5,1,0.001
S026,16,1,0.001
S029,111,1,0.001
R899,5,1,0.001
R93.2,96,1,0.001
S00.,16,1,0.001
C161,325,1,0.001
C162,141,1,0.001
C163,85,1,0.001
C168,142,1,0.001
I61.,65,1,0.001
I61.6,1929,1,0.001
I611,29,1,0.001
G562,5,1,0.001
G568,4,1,0.001
G57.5,46,1,0.001
G46,37,1,0.001
G47,2,1,0.001
G47.0,5,1,0.001
G470,6,1,0.001
G479,3,1,0.001
G50,14,1,0.001
S09.8,105,1,0.001
S097,70,1,0.001
S11.9,16,1,0.001
S121,98,1,0.001
S122,9,1,0.001
S143,1,1,0.001
S208,8,1,0.001
S21.9,32,1,0.001
S219,118,1,0.001
S06.4,239,1,0.001
S06.6,549,1,0.001
S06.8,97,1,0.001
S063,44,1,0.001
S064,7,1,0.001
C211,16,1,0.001
C22.7,50,1,0.001
S290,2,1,0.001
S299,8,1,0.001
S30,1,1,0.001
S30.0,61,1,0.001
S09.0,7,1,0.001
I63.4,215,1,0.001
I63.8,382,1,0.001
I49,7,1,0.001
I49.3,113,1,0.001
I49.8,24,1,0.001
I490,72,1,0.001
I493,103,1,0.001
I428,95,1,0.001
I43.,87,1,0.001
I44.3,290,1,0.001
I456,9,1,0.001
S301,22,1,0.001
S313,8,1,0.001
S32,15,1,0.001
S322,18,1,0.001
S325,25,1,0.001
S34.0,1430,1,0.001
S341,33,1,0.001
S36.1,257,1,0.001
S363,19,1,0.001
S22.3,240,1,0.001
S22.4,24,1,0.001
S222,43,1,0.001
S229,157,1,0.001
S27.0,147,1,0.001
S27.1,176,1,0.001
S270,35,1,0.001
S428,27,1,0.001
S43,41,1,0.001
S43.1,114,1,0.001
I46.0,218,1,0.001
I46.9,345,1,0.001
G628,8,1,0.001
G632,21,1,0.001
G64,28,1,0.001
G70,18,1,0.001
G70.0,236,1,0.001
G53.0,49,1,0.001
G538,7,1,0.001
G540,16,1,0.001
G55.1,69,1,0.001
G551,523,1,0.001
I470,11,1,0.001
C041,1,1,0.001
C058,19,1,0.001
C06,4,1,0.001
C069,194,1,0.001
C07,15,1,0.001
C109,5,1,0.001
C11,61,1,0.001
C15,16,1,0.001
C15.1,146,1,0.001
C15.2,36,1,0.001
S52.,41,1,0.001
S52.1,53,1,0.001
S52.4,108,1,0.001
S364,42,1,0.001
S409,40,1,0.001
S42.9,61,1,0.001
S522,11,1,0.001
S56.1,40,1,0.001
S563,9,1,0.001
S599,1,1,0.001
S60,34,1,0.001
S463,67,1,0.001
S47,65,1,0.001
S50.0,3,1,0.001
S500,2,1,0.001
S509,1,1,0.001
S52,13,1,0.001
C18.4,85,1,0.001
C18.6,580,1,0.001
C18.7,318,1,0.001
C18.8,227,1,0.001
C040,35,1,0.001
I421,91,1,0.001
C159,71,1,0.001
C16.3,276,1,0.001
B87,56,1,0.001
B870,4,1,0.001
B873,37,1,0.001
B91,39,1,0.001
B941,5,1,0.001
B958,186,1,0.001
B97,1,1,0.001
B97.2,164,1,0.001
B971,20,1,0.001
B977,16,1,0.001
B99,18,1,0.001
S52.7,58,1,0.001
S521,17,1,0.001
S608,1,1,0.001
S609,19,1,0.001
S61.8,159,1,0.001
S611,3,1,0.001
C15.9,51,1,0.001
I309,35,1,0.001
I313,73,1,0.001
I34,4,1,0.001
I340,84,1,0.001
I341,228,1,0.001
I358,1770,1,0.001
I40,18,1,0.001
I40.9,15,1,0.001
I409,10,1,0.001
I42.2,129,1,0.001
I42.9,48,1,0.001
S63,93,1,0.001
S630,1,1,0.001
I258,19,1,0.001
I26.0,31,1,0.001
G808,109,1,0.001
G81.1,26,1,0.001
G579,8,1,0.001
G580,8,1,0.001
G589,37,1,0.001
G608,10,1,0.001
G61,2,1,0.001
G61.9,63,1,0.001
S633,59,1,0.001
S64,8,1,0.001
S664,11,1,0.001
S60.2,35,1,0.001
B279,13,1,0.001
B340,54,1,0.001
B373,1,1,0.001
B374,84,1,0.001
S76.1,52,1,0.001
S761,15,1,0.001
S763,78,1,0.001
S80,1,1,0.001
S80.,57,1,0.001
S669,81,1,0.001
S67.0,63,1,0.001
S68,10,1,0.001
S697,136,1,0.001
S698,1,1,0.001
S70.1,15,1,0.001
S71,1,1,0.001
S722,65,1,0.001
C02,12,1,0.001
C02.,1,1,0.001
C02.4,60,1,0.001
C021,6,1,0.001
G618,16,1,0.001
I270,42,1,0.001
I30.0,62,1,0.001
I21.4,358,1,0.001
I210,193,1,0.001
I212,469,1,0.001
I213,300,1,0.001
I228,48,1,0.001
I24.9,135,1,0.001
I248,4,1,0.001
B278,28,1,0.001
I25,3,1,0.001
I129,13,1,0.001
I130,6,1,0.001
I15,68,1,0.001
I15.0,43,1,0.001
I15.9,37,1,0.001
I158,214,1,0.001
I21.,243,1,0.001
H90.,32,1,0.001
H90.4,60,1,0.001
H90.5,26,1,0.001
H91.9,4,1,0.001
H93.2,26,1,0.001
S82.0,79,1,0.001
S82.7,93,1,0.001
S72.8,169,1,0.001
B081,51,1,0.001
B09,1,1,0.001
B15.,15,1,0.001
B17,6,1,0.001
B17.8,71,1,0.001
B189,38,1,0.001
B19,77,1,0.001
B19.9,71,1,0.001
S90.8,7,1,0.001
S901,14,1,0.001
S824,57,1,0.001
S83,1,1,0.001
S83.0,5,1,0.001
S83.4,8,1,0.001
S83.6,75,1,0.001
S801,1,1,0.001
S92.2,131,1,0.001
S921,24,1,0.001
S923,9,1,0.001
S924,1,1,0.001
S925,1,1,0.001
S929,63,1,0.001
S93.0,38,1,0.001
S930,8,1,0.001
S833,11,1,0.001
S86,38,1,0.001
S90,1,1,0.001
B432,4,1,0.001
B45,2,1,0.001
B59,61,1,0.001
B829,2,1,0.001
B86,1,1,0.001
S91,1,1,0.001
S91.0,37,1,0.001
S911,1,1,0.001
H950,7,1,0.001
I050,51,1,0.001
I052,186,1,0.001
I059,286,1,0.001
I060,453,1,0.001
I110,87,1,0.001
I120,56,1,0.001
H71.,55,1,0.001
H720,5,1,0.001
H728,8,1,0.001
H739,53,1,0.001
H748,5,1,0.001
H80.0,68,1,0.001
T159,1,1,0.001
T16,9,1,0.001
T179,32,1,0.001
T18.0,14,1,0.001
T18.5,32,1,0.001
T180,44,1,0.001
T188,14,1,0.001
S960,151,1,0.001
S981,5,1,0.001
T002,1,1,0.001
T029,43,1,0.001
T065,35,1,0.001
T07.,113,1,0.001
T10,60,1,0.001
T11,8,1,0.001
T119,1,1,0.001
T193,1,1,0.001
T200,7,1,0.001
T202,100,1,0.001
T213,552,1,0.001
T222,1,1,0.001
T242,9,1,0.001
T25.2,54,1,0.001
T260,188,1,0.001
T293,161,1,0.001
T402,2,1,0.001
T131,16,1,0.001
T14.2,753,1,0.001
T14.9,42,1,0.001
T142,58,1,0.001
T144,15,1,0.001
T148,56,1,0.001
T82.7,23,1,0.001
T42.4,116,1,0.001
T432,3,1,0.001
T444,2,1,0.001
T50.9,151,1,0.001
T510,30,1,0.001
T512,2,1,0.001
T60.,3,1,0.001
T65,4,1,0.001
T658,40,1,0.001
T671,5,1,0.001
T754,15,1,0.001
T78.2,42,1,0.001
T78.4,40,1,0.001
T782,5,1,0.001
T19.3,25,1,0.001
T819,74,1,0.001
T82,19,1,0.001
T82.0,589,1,0.001
H81.3,18,1,0.001
H81.4,40,1,0.001
G911,59,1,0.001
G919,3,1,0.001
G71.0,4,1,0.001
G713,1,1,0.001
G80.2,16,1,0.001
G80.9,28,1,0.001
H81.8,355,1,0.001
H813,32,1,0.001
H653,43,1,0.001
H66,78,1,0.001
T82.4,71,1,0.001
T821,81,1,0.001
T824,55,1,0.001
T825,4,1,0.001
T827,22,1,0.001
T83,23,1,0.001
T83.3,5,1,0.001
T83.5,38,1,0.001
T830,5,1,0.001
T84.1,143,1,0.001
T84.2,75,1,0.001
T841,7,1,0.001
T81.,33,1,0.001
T81.0,228,1,0.001
T81.1,223,1,0.001
T81.3,18,1,0.001
T81.9,67,1,0.001
U072,1,1,0.001
V132,6,1,0.001
T845,90,1,0.001
T849,11,1,0.001
T85.4,52,1,0.001
T85.7,107,1,0.001
T85.9,31,1,0.001
T854,46,1,0.001
T856,54,1,0.001
T861,36,1,0.001
T862,9,1,0.001
T87.2,29,1,0.001
T87.4,66,1,0.001
T871,325,1,0.001
T88.9,16,1,0.001
T884,4,1,0.001
T926,5,1,0.001
T93,51,1,0.001
H66.,10,1,0.001
H66.0,108,1,0.001
H66.2,10,1,0.001
H663,7,1,0.001
H671,1,1,0.001
H68.0,43,1,0.001
H709,81,1,0.001
H571,33,1,0.001
H578,18,1,0.001
H59,42,1,0.001
H60,7,1,0.001
H602,1,1,0.001
T938,54,1,0.001
U07.1,11,1,0.001
X65.8,46,1,0.001
V294,1,1,0.001
V296,1,1,0.001
V50,6,1,0.001
W01.,399,1,0.001
W074,5,1,0.001
W111,1,1,0.001
W13,1,1,0.001
W18.9,37,1,0.001
W189,9,1,0.001
W19,1,1,0.001
W576,16,1,0.001
T887,7,1,0.001
T888,19,1,0.001
T900,40,1,0.001
T902,59,1,0.001
X60.,243,1,0.001
X61.0,31,1,0.001
H61.8,49,1,0.001
H65.1,15,1,0.001
H65.3,5,1,0.001
H65.9,101,1,0.001
H501,31,1,0.001
H506,56,1,0.001
H508,32,1,0.001
H509,41,1,0.001
H52,3,1,0.001
G99.2,252,1,0.001
X619,5,1,0.001
X63,111,1,0.001
X64,4,1,0.001
X64.0,27,1,0.001
B01,1,1,0.001
B012,119,1,0.001
B019,46,1,0.001
B02.2,29,1,0.001
B02.3,5,1,0.001
B02.7,112,1,0.001
B02.8,90,1,0.001
Y348,26,1,0.001
Y349,109,1,0.001
Y43,248,1,0.001
Y578,155,1,0.001
W780,106,1,0.001
W859,186,1,0.001
X220,91,1,0.001
X23,1,1,0.001
X29,1,1,0.001
Y849,41,1,0.001
Z01,5,1,0.001
X78.0,40,1,0.001
X82,90,1,0.001
X84,101,1,0.001
X84.0,31,1,0.001
X84.9,38,1,0.001
X999,37,1,0.001
Y119,2,1,0.001
Y199,2,1,0.001
Y20.9,19,1,0.001
Y28,1,1,0.001
B258,435,1,0.001
B26,1,1,0.001
B269,7,1,0.001
B27.8,47,1,0.001
A770,85,1,0.001
A86,6,1,0.001
A86.,584,1,0.001
A87.9,48,1,0.001
A90.,10,1,0.001
A92,1,1,0.001
A928,1,1,0.001
Z04.5,67,1,0.001
Z04.8,36,1,0.001
Z048,12,1,0.001
Y73.0,66,1,0.001
Y83.9,61,1,0.001
Y839,59,1,0.001
Y84.5,46,1,0.001
Y840,73,1,0.001
Y845,3,1,0.001
Z011,41,1,0.001
Z02,1,1,0.001
Z031,72,1,0.001
B027,14,1,0.001
B028,7,1,0.001
B04,14,1,0.001
H00,6,1,0.001
H000,1,1,0.001
H001,2,1,0.001
G819,15,1,0.001
G820,90,1,0.001
G832,59,1,0.001
G834,16,1,0.001
G91.0,427,1,0.001
G910,10,1,0.001
H53.2,26,1,0.001
A49,28,1,0.001
Z340,4,1,0.001
Z35.9,13,1,0.001
Z088,3,1,0.001
Z125,38,1,0.001
H544,42,1,0.001
H546,17,1,0.001
H40.0,1,1,0.001
H40.1,2,1,0.001
H401,46,1,0.001
H46,21,1,0.001
H46.,2,1,0.001
H490,48,1,0.001
H26.8,27,1,0.001
Z291,6,1,0.001
Z01.1,26,1,0.001
Z34.9,10,1,0.001
A94,1,1,0.001
A98.4,34,1,0.001
B00,1,1,0.001
H30.2,35,1,0.001
H302,5,1,0.001
H35.,1,1,0.001
H35.0,75,1,0.001
H105,2,1,0.001
H11.0,8,1,0.001
H11.9,40,1,0.001
H16,1,1,0.001
H181,39,1,0.001
B002,42,1,0.001
A415,29,1,0.001
A460,36,1,0.001
Z411,69,1,0.001
Z42.4,120,1,0.001
Z42.9,68,1,0.001
Z422,8,1,0.001
Z428,38,1,0.001
Z43.2,720,1,0.001
Z440,50,1,0.001
Z354,3,1,0.001
Z36.,1,1,0.001
Z36.3,1,1,0.001
Z383,6,1,0.001
Z308,55,1,0.001
Z309,6,1,0.001
Z31.9,1,1,0.001
Z321,1,1,0.001
Z34,1,1,0.001
Z48.9,197,1,0.001
Z400,160,1,0.001
H188,25,1,0.001
H04.3,54,1,0.001
H050,63,1,0.001
H062,15,1,0.001
H100,1,1,0.001
G931,93,1,0.001
G936,38,1,0.001
G938,1096,1,0.001
G96,23,1,0.001
G96.0,290,1,0.001
G97.1,46,1,0.001
G978,963,1,0.001
Z41,66,1,0.001
Z41.1,59,1,0.001
A080,76,1,0.001
Z992,37,1,0.001
A029,6,1,0.001
A048,5,1,0.001
A182,40,1,0.001
A188,12,1,0.001
A260,10,1,0.001
A521,37,1,0.001
A67.3,12,1,0.001
A68,51,1,0.001
Z72.4,46,1,0.001
Z74.2,51,1,0.001
Z762,49,1,0.001
Z93.0,16,1,0.001
Z931,95,1,0.001
Z549,2,1,0.001
A303,6,1,0.001
Z98.0,55,1,0.001
Z99.2,184,1,0.001
Z492,132,1,0.001
Z502,50,1,0.001
Z51.1,41,1,0.001
Z54.,25,1,0.001
Z54.2,35,1,0.001
Z548,5,1,0.001
A509,167,1,0.001
Z96.6,39,1,0.001
Z975,5,1,0.001
Z94.7,5,1,0.001
Z941,80,1,0.001
Z946,43,1,0.001
A081,22,1,0.001
