"consulta","paper_id","title","topic_label","posicion_tfidf","puntaje_tfidf","posicion_lsa","puntaje_lsa","aparece_tfidf","aparece_lsa","aparece_en_ambos","cambio_posicion"
"cybersecurity intrusion detection",337,"A Novel Hybrid IGL1 Feature Selection Method for High-Performance Intrusion Detection on the UNSW-NB15 Dataset Using Multiple Machine Learning Models","Machine Learning",1,0.239519,2,0.59822,TRUE,TRUE,TRUE,1
"cybersecurity intrusion detection",394,"FedX: Privacy-Preserving Explainable Federated Ensemble Intrusion Detection System for Edge-Enabled Internet of Vehicles","Otros",2,0.228306,3,0.580153,TRUE,TRUE,TRUE,1
"cybersecurity intrusion detection",493,"Enhancing the Artificial Rabbit Optimizer Using Fuzzy Rule Interpolation","Machine Learning",3,0.215126,1,0.603074,TRUE,TRUE,TRUE,-2
"cybersecurity intrusion detection",280,"Labeling Network Intrusion Detection System (NIDS) Rules with MITRE ATT and CK Techniques: Machine Learning vs. Large Language Models","IA Generativa",4,0.187291,NA,NA,TRUE,FALSE,FALSE,NA
"cybersecurity intrusion detection",319,"Neural Network IDS/IPS Intrusion Detection and Prevention System with Adaptive Online Training to Improve Corporate Network Cybersecurity, Evidence Recording, and Interaction with Law Enforcement Agencies","Machine Learning",5,0.185726,4,0.519135,TRUE,TRUE,TRUE,-1
"cybersecurity intrusion detection",480,"A Comparative Study of Federated Learning and Amino Acid Encoding with IoT Malware Detection as a Case Study","Machine Learning",NA,NA,5,0.493913,FALSE,TRUE,FALSE,NA
"generative artificial intelligence and large language models",382,"Generative AI and Large Language Models","IA Generativa",1,0.473562,1,0.863369,TRUE,TRUE,TRUE,0
"generative artificial intelligence and large language models",174,"A Meta-Survey of Generative AI in Education: Trends, Challenges, and Research Directions","IA Generativa",2,0.287761,2,0.566751,TRUE,TRUE,TRUE,0
"generative artificial intelligence and large language models",212,"The Use of Large Language Models in Ophthalmology: A Scoping Review on Current Use-Cases and Considerations for Future Works in This Field","IA Generativa",3,0.189085,3,0.501428,TRUE,TRUE,TRUE,0
"generative artificial intelligence and large language models",343,"Generative AI as a General-Purpose Technology: Foundations, Applications, and Labor Market Implications Through 2030","IA Generativa",4,0.165997,4,0.462888,TRUE,TRUE,TRUE,0
"generative artificial intelligence and large language models",250,"Exploration of Generative Neural Networks for Police Facial Sketches","IA Generativa",5,0.161498,5,0.407333,TRUE,TRUE,TRUE,0
"machine learning for disease diagnosis",445,"Integrative Machine Learning Framework for Epigenetic Biomarker Discovery and Disease Severity Prediction in Childhood Atopic Dermatitis","Machine Learning",1,0.201419,2,0.539588,TRUE,TRUE,TRUE,1
"machine learning for disease diagnosis",324,"Design of an Efficient Model for Psychological Disease Analysis and Prediction Using Machine Learning and Genomic Data Samples","Machine Learning",2,0.200134,1,0.57191,TRUE,TRUE,TRUE,-1
"machine learning for disease diagnosis",28,"Attention-Driven Deep Learning for News-Based Prediction of Disease Outbreaks","Machine Learning",3,0.18641,3,0.427313,TRUE,TRUE,TRUE,0
"machine learning for disease diagnosis",27,"Efficient Data Augmentation Methods for Crop Disease Recognition in Sustainable Environmental Systems","Machine Learning",4,0.153743,5,0.404614,TRUE,TRUE,TRUE,1
"machine learning for disease diagnosis",192,"Gait-Based Parkinson’s Disease Detection Using Recurrent Neural Networks for Wearable Systems","IA Generativa",5,0.139009,4,0.40608,TRUE,TRUE,TRUE,-1
"social media sentiment analysis",221,"EmoBERTa-X: Advanced Emotion Classifier with Multi-Head Attention and DES for Multilabel Emotion Classification","Machine Learning",1,0.235488,1,0.526608,TRUE,TRUE,TRUE,0
"social media sentiment analysis",497,"A Hybrid NER–Sentiment Model for Uzbek Texts: Integrating Lexical, Deep Learning, and Entity-Based Approaches","Machine Learning",2,0.200113,3,0.47571,TRUE,TRUE,TRUE,1
"social media sentiment analysis",327,"Large Language Model-Based Topic-Level Sentiment Analysis for E-Grocery Consumer Reviews","IA Generativa",3,0.190449,NA,NA,TRUE,FALSE,FALSE,NA
"social media sentiment analysis",237,"Explainable Deep Learning for COVID-19 Vaccine Sentiment in Arabic Tweets Using Multi-Self-Attention BiLSTM with XLNet","Machine Learning",4,0.182028,NA,NA,TRUE,FALSE,FALSE,NA
"social media sentiment analysis",216,"An Attention-Based BERT–CNN–BiLSTM Model for Depression Detection from Emojis in Social Media Text","Otros",5,0.179914,2,0.500286,TRUE,TRUE,TRUE,-3
"social media sentiment analysis",274,"Explicit and Implicit Knowledge in Large-Scale Linguistic Data and Digital Footprints from Social Networks","IA Generativa",NA,NA,4,0.466924,FALSE,TRUE,FALSE,NA
"social media sentiment analysis",426,"SiAraSent: From Features to Deep Transformers for Large-Scale Arabic Sentiment Analysis","IA Generativa",NA,NA,5,0.412538,FALSE,TRUE,FALSE,NA
"statistical methods for prediction",131,"Adversarial Perturbations for Defeating Cryptographic Algorithm Identification","Machine Learning",1,0.127219,3,0.336025,TRUE,TRUE,TRUE,2
"statistical methods for prediction",345,"An Intelligent Evaluation Method for Slope Stability Based on a Database Integrating Real Cases and Numerical Simulations","Machine Learning",2,0.111412,2,0.372859,TRUE,TRUE,TRUE,0
"statistical methods for prediction",120,"High-Speed Scientific Computing Using Adaptive Spline Interpolation","Estadística",3,0.099882,NA,NA,TRUE,FALSE,FALSE,NA
"statistical methods for prediction",330,"Pyramidal Predictive Network V2: An Improved Predictive Architecture and Training Strategies for Future Perception Prediction","Machine Learning",4,0.095089,NA,NA,TRUE,FALSE,FALSE,NA
"statistical methods for prediction",205,"Adaptive Segmentation and Statistical Analysis for Multivariate Big Data Forecasting","Estadística",5,0.092548,NA,NA,TRUE,FALSE,FALSE,NA
"statistical methods for prediction",456,"Research on Modeling Method of eLoran Signal Propagation Delay Prediction Model: Integrating Path-Weighted Meteorological Data and Propagation Delay Data in Long-Distance Scenarios","Machine Learning",NA,NA,1,0.376638,FALSE,TRUE,FALSE,NA
"statistical methods for prediction",28,"Attention-Driven Deep Learning for News-Based Prediction of Disease Outbreaks","Machine Learning",NA,NA,4,0.299917,FALSE,TRUE,FALSE,NA
"statistical methods for prediction",147,"Crime Spatiotemporal Prediction Through Urban Region Representation by Using Building Footprints","Machine Learning",NA,NA,5,0.295448,FALSE,TRUE,FALSE,NA
