variable,coeficiente,odds_ratio
categoricas__estado_mas_frecuente_PA,-10.06302124775432,4.2627062017466666e-05
categoricas__estado_mas_frecuente_PE,-6.846125082698557,0.001063568960240828
categoricas__unidad_hospitalaria_mas_frecuente_UNIDADE MOVEL DE NIVEL PRE-HOSPITALAR NA AREA DE URGENCIA,-5.761201179809708,0.003147328819168124
categoricas__tipo_beneficiario_AGREGADO,-4.053317016788897,0.017364680070138624
categoricas__especialidad_mas_frecuente_CIRURGIAO / CLINICO,-3.992270573657317,0.01845775680788042
categoricas__especialidad_mas_frecuente_HOSPITAL,-3.8187120108772827,0.02195606185929944
categoricas__sexo_F,-3.306983278285148,0.03662649921498487
categoricas__unidad_hospitalaria_mas_frecuente_PRONTO SOCORRO ESPECIALIZADO,-3.159601051711605,0.042442670133983264
categoricas__estado_mas_frecuente_SC,-3.1061344087635065,0.04477369806365108
categoricas__especialidad_mas_frecuente_ANÁLISES CLÍNICAS DIVERSAS,-2.9607002559337126,0.05178264337045198
categoricas__estado_mas_frecuente_GO,-2.912012427283165,0.054366211659808206
categoricas__unidad_hospitalaria_mas_frecuente_COOPERATIVA OU EMPRESA DE CESSAO DE TRABALHADORES NA SAUDE,-2.8808250316120008,0.056088468979835944
categoricas__sexo_M,-2.8609287684710734,0.05721559553923778
categoricas__especialidad_mas_frecuente_FISIOTERAPEUTA GERAL,-2.7140610044464073,0.06626714835958254
categoricas__especialidad_mas_frecuente_MEDICO OFTALMOLOGISTA,-2.543729838579467,0.0785727887513884
categoricas__tipo_beneficiario_CONJUGE,-2.499047821541749,0.08216319541407555
categoricas__estado_mas_frecuente_DF,-2.3015859619804466,0.10009996303112643
categoricas__especialidad_mas_frecuente_MEDICO GINECOLOGISTA E OBSTETRA,-2.1279135795784048,0.11908549724742758
categoricas__especialidad_mas_frecuente_CARDIOLOGIA,-2.088816656698856,0.12383358679486398
categoricas__unidad_hospitalaria_mas_frecuente_CENTRO DE ATENCAO HEMOTERAPIA E OU HEMATOLOGICA,-2.0849086405890342,0.12431847730983968
categoricas__especialidad_mas_frecuente_MEDICO PEDIATRA,-2.021094258533336,0.13251038509744528
categoricas__especialidad_mas_frecuente_CLINICA MÉDICA,-1.9467765989974974,0.142733417902454
categoricas__especialidad_mas_frecuente_CLINICA GERAL,-1.8290518148890083,0.1605657416648454
categoricas__especialidad_mas_frecuente_PSICOLOGO CLINICO,-1.7819730399628466,0.16830574549360058
categoricas__especialidad_mas_frecuente_MEDICO CARDIOLOGISTA,-1.6376989491688627,0.19442691416870628
categoricas__especialidad_mas_frecuente_DERMATOLOGIA,-1.632698190507102,0.19540163137529537
categoricas__especialidad_mas_frecuente_CLÍNICA MÉDICA,-1.5925978681450985,0.20339652742671588
categoricas__tipo_beneficiario_OUTROS,-1.4976585596302,0.2236532182288086
categoricas__estado_mas_frecuente_MS,-1.4834884489574263,0.22684496941083787
categoricas__especialidad_mas_frecuente_MEDICO OTORRINOLARINGOLOGISTA,-1.4773700046748222,0.22823716240148792
categoricas__especialidad_mas_frecuente_MEDICO DERMATOLOGISTA,-1.4542195788133891,0.23358258558568548
categoricas__unidad_hospitalaria_mas_frecuente_TELESSAUDE,-1.3704939523912651,0.2539814738070356
categoricas__tipo_beneficiario_FILHO,-1.359422745352009,0.2568089783508667
categoricas__especialidad_mas_frecuente_CIRURGIA GERAL,-1.3450780032923417,0.26051938569758487
categoricas__especialidad_mas_frecuente_OTORRINOLARINGOLOGIA,-1.2092650789562236,0.2984165114349768
categoricas__estado_mas_frecuente_ES,-1.1191071274217983,0.32657125100182094
categoricas__estado_mas_frecuente_SE,-1.108584074653685,0.33002592247450574
categoricas__especialidad_mas_frecuente_GINECOLOGIA E OBSTETRICIA,-1.0306699080666464,0.35676787881675165
categoricas__especialidad_mas_frecuente_UROLOGIA,-0.9080308009508473,0.4033176553085263
categoricas__especialidad_mas_frecuente_MEDICO CIRURGIAO GERAL,-0.9057016458063023,0.40425813954194495
categoricas__especialidad_mas_frecuente_FONOAUDIOLOGO,-0.8713725827650031,0.4183768980401614
categoricas__especialidad_mas_frecuente_MEDICO EM RADIOLOGIA E DIAGNOSTICO POR IMAGEM,-0.8587043804248982,0.4237106947147778
categoricas__especialidad_mas_frecuente_MEDICO PSIQUIATRA,-0.8452843931165912,0.42943521242441657
categoricas__especialidad_mas_frecuente_MEDICO ENDOCRINOLOGISTA E METABOLOGISTA,-0.8344358753882708,0.43411930975671725
categoricas__especialidad_mas_frecuente_PSICOLOGIA,-0.8121200223183644,0.4439159561940469
categoricas__especialidad_mas_frecuente_MEDICO DE FAMILIA E COMUNIDADE,-0.8102304221253439,0.44475557289066486
categoricas__especialidad_mas_frecuente_NÃO INFORMADA,-0.802838058022077,0.44805555031192357
categoricas__especialidad_mas_frecuente_FISIOTERAPIA,-0.7982704117378365,0.45010679068535586
categoricas__especialidad_mas_frecuente_MEDICO CIRURGIAO DO APARELHO DIGESTIVO,-0.7962498980124584,0.4510171570279543
categoricas__especialidad_mas_frecuente_ANALISES CLINICAS,-0.7954852825850159,0.4513621435784709
categoricas__especialidad_mas_frecuente_ENDOCRINOLOGIA,-0.7855669905747665,0.45586115951620276
categoricas__especialidad_mas_frecuente_PATOLOGIA CLÍNICA / MEDICINA LABORATORIAL,-0.782333073147706,0.45733776318456304
categoricas__sexo_NÃO INFORMADO,-0.7733854987309436,0.46144818859985726
categoricas__especialidad_mas_frecuente_MEDICO UROLOGISTA,-0.7588190018896743,0.46821906644530203
categoricas__especialidad_mas_frecuente_GINECOLOGIA E OBSTETRÍCIA,-0.7323945290511266,0.48075642548885456
categoricas__tipo_beneficiario_IGNORADO,-0.711796793117163,0.49076160770392535
categoricas__estado_mas_frecuente_MA,-0.6952315949723747,0.49895887823534496
categoricas__especialidad_mas_frecuente_MEDICO CIRURGIAO PLASTICO,-0.6615563186786388,0.5160475747211565
categoricas__estado_mas_frecuente_AL,-0.6531665461798656,0.5203953092208456
categoricas__especialidad_mas_frecuente_PSIQUIATRIA,-0.6524284172982081,0.5207795698279402
categoricas__especialidad_mas_frecuente_GASTROENTEROLOGIA,-0.6144310388680312,0.5409485864889609
categoricas__unidad_hospitalaria_mas_frecuente_CENTRO DE IMUNIZACAO,-0.6054911738926951,0.5458062749978094
categoricas__unidad_hospitalaria_mas_frecuente_CENTRAL DE ABASTECIMENTO,-0.5417028697382267,0.581756752447221
categoricas__especialidad_mas_frecuente_TERAPEUTA OCUPACIONAL,-0.5338315201956815,0.5863540328584445
categoricas__estado_mas_frecuente_TO,-0.531575841307876,0.5876781521036197
categoricas__especialidad_mas_frecuente_MÉTODO ABA (ANÁLISE DE COMPORT,-0.5170775176280302,0.5962605651377175
categoricas__especialidad_mas_frecuente_OBSTETRICIA,-0.5063873900626853,0.6026688583496101
categoricas__especialidad_mas_frecuente_MEDICO ALERGISTA E IMUNOLOGISTA,-0.5040179029735167,0.6040985675983952
categoricas__unidad_hospitalaria_mas_frecuente_LABORATORIO DE SAUDE PUBLICA,-0.501284313157351,0.605752184416066
categoricas__especialidad_mas_frecuente_GINECOLOGIA  E OBSTETRICIA,-0.4934844067144192,0.610495469323515
categoricas__estado_mas_frecuente_AM,-0.48893854602600856,0.6132770141455799
categoricas__especialidad_mas_frecuente_CONSULTA EM ORTOPEDIA E TRAUMA,-0.46904838223125267,0.6255973146301397
categoricas__especialidad_mas_frecuente_MEDICO PATOLOGISTA CLINICO/ MEDICINA LABORATORIAL,-0.44665582976371615,0.6397640581351673
categoricas__especialidad_mas_frecuente_NEUROLOGIA,-0.42992330559135544,0.6505589870468609
categoricas__unidad_hospitalaria_mas_frecuente_FARMACIA,-0.4273925278141939,0.6522074923944944
numericas__n_examenes_E,-0.42675676389507505,0.6526222742236273
categoricas__especialidad_mas_frecuente_MEDICO EM CIRURGIA VASCULAR,-0.4254211755305672,0.6534944912713144
categoricas__especialidad_mas_frecuente_ACUPUNTURA,-0.4045898829348349,0.6672504055297639
categoricas__especialidad_mas_frecuente_CIRURGIA DO APARELHO DIGESTIVO,-0.38601962268301315,0.6797571868896458
categoricas__estado_mas_frecuente_PB,-0.3776363342048326,0.6854797408780909
categoricas__especialidad_mas_frecuente_CIRURGIA VASCULAR,-0.3624308015966629,0.695982472888227
categoricas__especialidad_mas_frecuente_CLINICA MEDICA,-0.3554684324721791,0.7008450677160204
categoricas__especialidad_mas_frecuente_MEDICO ACUPUNTURISTA,-0.3543330402348276,0.7016412536716367
categoricas__especialidad_mas_frecuente_ALERGIA E IMUNOLOGIA,-0.34190823975359996,0.7104133894261083
categoricas__especialidad_mas_frecuente_GERIATRIA,-0.3417083358004945,0.710555418066564
categoricas__especialidad_mas_frecuente_ANGIOLOGIA,-0.32799997296596745,0.720363039179619
categoricas__especialidad_mas_frecuente_MEDICO GERIATRA,-0.32273431302216726,0.7241662303480769
categoricas__especialidad_mas_frecuente_GINECOLOGIA,-0.3151958887742523,0.7296459308219787
categoricas__especialidad_mas_frecuente_RADIOLOGIA E DIAG. POR IMAGEM,-0.3103951111912095,0.7331572203664357
categoricas__especialidad_mas_frecuente_FONOAUDIOLOGIA,-0.3097755301496912,0.7336116114321359
categoricas__especialidad_mas_frecuente_ENDOCRINOLOGIA E METABOLOGIA,-0.2985568020819494,0.7418881398623225
categoricas__especialidad_mas_frecuente_PNEUMOLOGIA,-0.28084030794271403,0.7551489171361201
categoricas__especialidad_mas_frecuente_TERAPIAS ESPECÍFICAS,-0.27801108935458324,0.7572884236279207
categoricas__especialidad_mas_frecuente_MEDICINA FÍSICA E REABILITAÇÃO,-0.26877425905403707,0.7643157735410238
categoricas__especialidad_mas_frecuente_NEUROCIRURGIA,-0.2686412287925322,0.7644174574316175
numericas__n_urgencias_P,-0.2663745212562199,0.7661521335022025
categoricas__especialidad_mas_frecuente_CONSULTA EM DERMATOLOGIA,-0.2514259911943468,0.7776910114629209
categoricas__especialidad_mas_frecuente_NEFROLOGIA,-0.23043729671812593,0.7941862315241487
numericas__numero_unidades_hospitalarias,-0.2285699859258157,0.795670609511579
numericas__costo_promedio,-0.223153258939699,0.7999922339373037
categoricas__especialidad_mas_frecuente_MEDICO NEUROLOGISTA,-0.219952142674872,0.8025572052845424
categoricas__especialidad_mas_frecuente_RADIOLOGIA E DIAGNÓSTICO POR IMAGEM,-0.21910935840486176,0.8032338729753302
categoricas__especialidad_mas_frecuente_MEDICO GASTROENTEROLOGISTA,-0.2185419864276018,0.8036897346753906
categoricas__especialidad_mas_frecuente_CONSULTA EM ONCOLOGIA CLINICA,-0.2174292230413788,0.8045845489519698
categoricas__especialidad_mas_frecuente_MÉDICO,-0.213290303452025,0.8079215607509056
numericas__n_otros_O,-0.20338116541784057,0.8159671636784488
categoricas__especialidad_mas_frecuente_MEDICO REUMATOLOGISTA,-0.19842032334147308,0.820025104997837
categoricas__especialidad_mas_frecuente_REUMATOLOGIA,-0.19790989678538676,0.8204437744289935
categoricas__especialidad_mas_frecuente_MEDICO GENERALISTA,-0.19350240997870405,0.8240678502067481
categoricas__especialidad_mas_frecuente_NUTRICIONISTA,-0.186602522069191,0.8297734874955179
categoricas__especialidad_mas_frecuente_CONSULTA EM UROLOGIA,-0.1862929372316676,0.8300304125538246
categoricas__especialidad_mas_frecuente_MEDICO NEUROCIRURGIAO,-0.18419393988265081,0.8317744739391599
categoricas__especialidad_mas_frecuente_MEDICO CIRURGIAO DE CABECA E PESCOCO,-0.18240265628599833,0.8332657531636927
numericas__numero_especialidades,-0.18166171276109605,0.833883384814852
categoricas__estado_mas_frecuente_PI,-0.18122123540952279,0.8342507724667461
categoricas__especialidad_mas_frecuente_ONCOLOGIA CLÍNICA,-0.18110531974521726,0.8343474808041312
categoricas__especialidad_mas_frecuente_PATOLOGIA CLIN./MED.LABORAT.,-0.17728116762440332,0.837544261083541
categoricas__estado_mas_frecuente_AP,-0.17484005069980404,0.8395913020710378
categoricas__especialidad_mas_frecuente_COLPOSCOPIA  COLPOCITOPATOLOGIA,-0.17374662199016605,0.8405098373900133
categoricas__especialidad_mas_frecuente_ONCOLOGIA CLINICA,-0.17292849336539076,0.8411977639152072
categoricas__especialidad_mas_frecuente_MASTOLOGIA,-0.1719944533045341,0.8419838433835142
categoricas__especialidad_mas_frecuente_PATOLOGIA,-0.16274279576938383,0.8498097349668888
categoricas__especialidad_mas_frecuente_ANESTESIOLOGIA,-0.15310139920175958,0.8580427125540051
categoricas__unidad_hospitalaria_mas_frecuente_UNIDADE MOVEL TERRESTRE,-0.15132578528966356,0.8595676185530977
categoricas__especialidad_mas_frecuente_MEDICO NEFROLOGISTA,-0.146260354202905,0.8639327453802715
categoricas__especialidad_mas_frecuente_MEDICO PNEUMOLOGISTA,-0.14504907198333136,0.864979845792688
categoricas__especialidad_mas_frecuente_NEUROCIRURGIAO,-0.1413865246362543,0.8681536840507289
categoricas__especialidad_mas_frecuente_ENDOSCOPIA,-0.13953353037258906,0.8697638592091976
categoricas__especialidad_mas_frecuente_ULTRASSONOGRAFIA,-0.13266036523980052,0.8757624809843335
categoricas__estado_mas_frecuente_RO,-0.12941939007153755,0.8786054098809887
categoricas__especialidad_mas_frecuente_MEDICO HEMATOLOGISTA,-0.11830092566263087,0.8884286614005639
categoricas__estado_mas_frecuente_RN,-0.11562133699098506,0.8908124771737337
categoricas__especialidad_mas_frecuente_INFECTOLOGIA,-0.11558128365752099,0.890848157897497
categoricas__especialidad_mas_frecuente_CIRURGIA PLÁSTICA,-0.115555430247522,0.8908711896578936
categoricas__especialidad_mas_frecuente_MEDICO NUTROLOGISTA,-0.1103499799065697,0.8955206662066962
categoricas__especialidad_mas_frecuente_CANCEROLOGIA CIRURGICA,-0.10966590535697257,0.8961334786838986
categoricas__especialidad_mas_frecuente_MEDICO CIRURGIAO PEDIATRICO,-0.10941494675159671,0.896358399313643
categoricas__especialidad_mas_frecuente_ONCOLOGIA,-0.10603912412455563,0.8993894595623287
categoricas__especialidad_mas_frecuente_MEDICO PATOLOGISTA,-0.10588744595099193,0.8995258876591983
categoricas__especialidad_mas_frecuente_CIRURGIA PLASTICA,-0.10544152526794713,0.8999270943039621
categoricas__unidad_hospitalaria_mas_frecuente_POLO DE PREVENCAO DE DOENCAS E AGRAVOS E PROMOCAO DA SAUDE,-0.098335352362217,0.9063449078780621
numericas__costo_total,-0.09828641248166134,0.9063892653750123
categoricas__especialidad_mas_frecuente_CIRURGIA DE MAO,-0.09722180566978594,0.9073547273886726
categoricas__especialidad_mas_frecuente_MEDICO INFECTOLOGISTA,-0.09391572369967924,0.9103594807369445
categoricas__especialidad_mas_frecuente_MEDICO PROCTOLOGISTA,-0.09244072054038255,0.9117032546388725
categoricas__especialidad_mas_frecuente_MEDICO ANGIOLOGISTA,-0.09087563237967726,0.9131312678005373
categoricas__especialidad_mas_frecuente_MEDICO ONCOLOGISTA CLINICO,-0.08819968849354258,0.9155780280704011
categoricas__especialidad_mas_frecuente_MEDICO CIRURGIAO DA MAO,-0.08736216656317414,0.9163451659504307
categoricas__especialidad_mas_frecuente_HEMATOLOGIA,-0.08715895210707202,0.9165313994569606
categoricas__especialidad_mas_frecuente_CIRURGIA CARDIACA,-0.08561028052184996,0.917951905256838
categoricas__especialidad_mas_frecuente_MUSICOTERAPEUTA,-0.08475312956205533,0.9187390659230401
categoricas__especialidad_mas_frecuente_HEMATOLOGIA E HEMOTERAPIA,-0.07754871043025129,0.9253819475459777
categoricas__especialidad_mas_frecuente_PROCTOLOGIA,-0.07742536735255838,0.9254960940428748
categoricas__especialidad_mas_frecuente_PRONTO ATENDIMENTO ADULTO,-0.07588886961915811,0.9269192097206719
categoricas__especialidad_mas_frecuente_PRONTO-SOCORRO ADULTO,-0.07426439673403391,0.9284261885352766
categoricas__especialidad_mas_frecuente_CIRURGIA DA CABEÇA E PESCOÇO,-0.07316595333644123,0.9294465724666238
categoricas__especialidad_mas_frecuente_MEDICO CANCEROLOGISTA CIRURGICO,-0.0723471582565324,0.9302079103945373
categoricas__especialidad_mas_frecuente_GERAIS,-0.07135433188040227,0.9311319039499497
numericas__n_internaciones_I,-0.07083617163064916,0.9316145045112695
categoricas__especialidad_mas_frecuente_CANCEROLOGIA,-0.07076364744612951,0.9316820715435882
"categoricas__unidad_hospitalaria_mas_frecuente_CENTRAL DE NOTIFICACAO,CAPTACAO E DISTRIB DE ORGAOS ESTADUAL",-0.07070730620361082,0.9317345651478949
categoricas__especialidad_mas_frecuente_DERMATOLOGIA CLINICA E CIRURGICA,-0.06944825390682613,0.9329084065008981
categoricas__especialidad_mas_frecuente_CIRURGIA DE CABEÇA E PESCOÇO,-0.06911177706338172,0.9332223613930538
categoricas__especialidad_mas_frecuente_MEDICO EM ENDOSCOPIA,-0.06719336393912875,0.9350143857909583
categoricas__especialidad_mas_frecuente_MEDICINA PREVENTIVA E SOCIAL,-0.06601235184206108,0.9361193014224461
categoricas__especialidad_mas_frecuente_ORTOPTISTA,-0.0647954612828301,0.9372591495572187
categoricas__especialidad_mas_frecuente_CIRURGIA APARELHO DIGESTIVO,-0.06402284385818634,0.9379835721222854
categoricas__especialidad_mas_frecuente_AUDIOMETRIA,-0.06304122005026994,0.9389047711896121
categoricas__especialidad_mas_frecuente_RADIOLOGIA,-0.0621822175860248,0.9397116392029468
categoricas__especialidad_mas_frecuente_MEDICO CIRURGIAO CARDIOVASCULAR,-0.06026253296491359,0.9415173218010374
categoricas__especialidad_mas_frecuente_CONSULTA EM PSIQUIATRIA,-0.05974681006011264,0.942003009078419
categoricas__especialidad_mas_frecuente_DIFERENCIADOS,-0.05839355644706964,0.9432786409860241
categoricas__especialidad_mas_frecuente_CARDIOLOGIA PEDIATRICA,-0.05719451336532494,0.9444103510636368
categoricas__especialidad_mas_frecuente_ENDOSCOPIA DIGESTIVA,-0.05717635402573194,0.9444275010876331
categoricas__especialidad_mas_frecuente_MEDICO HOMEOPATA,-0.05702819967273138,0.9445674324984804
categoricas__especialidad_mas_frecuente_ENDOCRINOLOGIA/METABOLOGIA,-0.055907181909989175,0.9456269031001495
categoricas__especialidad_mas_frecuente_ORTOPEDIA INFANTIL,-0.055249812250215455,0.946248733899671
categoricas__especialidad_mas_frecuente_MEDICO EM MEDICINA INTENSIVA,-0.05478931918222701,0.9466845752254774
categoricas__especialidad_mas_frecuente_MEDICO DO TRABALHO,-0.05368234488260555,0.9477331109640852
categoricas__especialidad_mas_frecuente_HOMEOPATIA,-0.0535130551790114,0.9478935660028365
categoricas__especialidad_mas_frecuente_CIRURGIA GASTROENTEROLOGICA,-0.049565890064991174,0.951642452287609
categoricas__especialidad_mas_frecuente_COLO-PROCTOLOGIA,-0.04883841709080807,0.9523349983264546
categoricas__especialidad_mas_frecuente_GINECOLOGIA/OBSTETRICIA,-0.045547892904161794,0.9554738410590384
categoricas__especialidad_mas_frecuente_INTERCAMBIO,-0.045265917866178694,0.9557432988200587
categoricas__especialidad_mas_frecuente_MEDICO MASTOLOGISTA,-0.044555062797237886,0.956422935321538
categoricas__especialidad_mas_frecuente_MED. FÍSICA E REABILITAÇÃO,-0.044201768542449164,0.9567608937456048
categoricas__especialidad_mas_frecuente_CONSULTA EM PEDIATRIA,-0.043984890812825056,0.9569684163787389
categoricas__especialidad_mas_frecuente_UTI-NEONATAL,-0.04127104506668069,0.9595690082512139
categoricas__especialidad_mas_frecuente_MEDICO EM MEDICINA NUCLEAR,-0.04083990524245344,0.9599828058606699
categoricas__especialidad_mas_frecuente_ENFERMEIRO,-0.04028033547180929,0.9605201335413105
categoricas__especialidad_mas_frecuente_TRAUMATO-ORTOPEDIA,-0.03963663509790581,0.9611386197489586
categoricas__especialidad_mas_frecuente_GINECOLOGIA CLINICA,-0.03874954296125049,0.9619916165482126
categoricas__especialidad_mas_frecuente_NUTROLOGIA,-0.03752500419783539,0.963170334118144
categoricas__especialidad_mas_frecuente_CONSULTA EM ALERGIA E IMUNOLOG,-0.03561531622288274,0.9650114463384438
categoricas__especialidad_mas_frecuente_CIRURGIA ONCOLÓGICA,-0.03474147752153115,0.9658550792333555
categoricas__especialidad_mas_frecuente_TERAPIA OCUPACIONAL - TERAPIAS,-0.03334131124844584,0.967208384144841
categoricas__especialidad_mas_frecuente_CONSULTA EM GINECOLOGIA,-0.032952600063657536,0.9675844219420932
categoricas__especialidad_mas_frecuente_CIRURGIA DA MÃO,-0.03279124805423548,0.9677405562288107
categoricas__especialidad_mas_frecuente_CIRURGIA DE CABECA E PESCOCO,-0.0325518365296006,0.9679722722074595
categoricas__especialidad_mas_frecuente_MEDICO FISIATRA,-0.029827661467104537,0.9706127931202355
categoricas__especialidad_mas_frecuente_MEDICINA NUCLEAR,-0.029634176134630298,0.9708006106285967
categoricas__especialidad_mas_frecuente_PATOLOGIA CLINICA / MEDICINA L,-0.02904281036418532,0.9713748786641434
categoricas__especialidad_mas_frecuente_TERAPIA OCUPACIONAL,-0.028530377680071307,0.9718727704576172
categoricas__especialidad_mas_frecuente_CONSULTA EM OTORRINOLARINGOLOG,-0.02828500917739727,0.9721112666826284
categoricas__especialidad_mas_frecuente_CIRURGIAO DENTISTA - TRAUMATOLOGISTA BUCOMAXILOFAC,-0.028241480128978726,0.9721535826820049
categoricas__especialidad_mas_frecuente_ANATOMIA PATOLOGICA,-0.02712191463605469,0.9732425817761536
categoricas__especialidad_mas_frecuente_CONSULTA COM NUTRICIONISTA,-0.026496375014833498,0.9738515740266468
categoricas__especialidad_mas_frecuente_FONIATRIA,-0.02638720789208408,0.9739578924040984
categoricas__especialidad_mas_frecuente_NUTRICAO,-0.02410858610963886,0.976179704446247
categoricas__especialidad_mas_frecuente_MEDICINA DE EMERGENCIA,-0.020691571713390575,0.9795210299772807
categoricas__especialidad_mas_frecuente_PRIMEIRO ASSISTENTE,-0.020215945797325382,0.9799870263756659
categoricas__especialidad_mas_frecuente_MEDICO EM MEDICINA DE TRAFEGO,-0.02008387777065841,0.9801164598752239
categoricas__tipo_beneficiario_MAE,-0.019669328635794327,0.9805228505343594
categoricas__especialidad_mas_frecuente_PSICOTERAPIA,-0.019582686074804602,0.9806078092257048
categoricas__especialidad_mas_frecuente_NEUROLOGIA PEDIATRICA,-0.019361765204764965,0.9808244698876364
categoricas__especialidad_mas_frecuente_ALERGOLOGIA,-0.01750828148946937,0.982644097874628
categoricas__especialidad_mas_frecuente_CONSULTA EM OFTALMOLOGIA,-0.016752749941962332,0.9833867970215323
categoricas__especialidad_mas_frecuente_CONSULTA EM CARDIOLOGIA,-0.016268309146247044,0.9838633051146383
categoricas__especialidad_mas_frecuente_CIRURGIA PEDIATRICA,-0.016176925071614175,0.9839532186606119
categoricas__especialidad_mas_frecuente_CBO DO PRESTADOR SOLICITANTE DESCONHECIDO OU NAO I,-0.016055330227447262,0.984072869573222
categoricas__especialidad_mas_frecuente_CIRURGIA CRÂNIO-MAXILO-FACIAL,-0.01601246728698791,0.984115050734036
categoricas__especialidad_mas_frecuente_CIRURGIAO DENTISTA - CLINICO GERAL,-0.015133648609282409,0.9849802895599657
categoricas__especialidad_mas_frecuente_ANATOMIA PATOLOGICA / CITOPATOLOGIA,-0.014573819916317053,0.9855318641673069
categoricas__especialidad_mas_frecuente_MEDICO RADIOTERAPEUTA,-0.01389625037683551,0.9861998568188354
categoricas__especialidad_mas_frecuente_CIRURGIA CARDIOVASCULAR,-0.013738987638186323,0.9863549615049484
categoricas__especialidad_mas_frecuente_CIRURGIA VASCULAR PERIFERICA,-0.013675912665018478,0.9864171777798035
categoricas__especialidad_mas_frecuente_CIRURGIA PEDIÁTRICA,-0.01360029276914824,0.9864917733644915
categoricas__especialidad_mas_frecuente_MEDICINA INTENSIVA,-0.013325242239743391,0.9867631457678597
categoricas__especialidad_mas_frecuente_ATENDIMENTO DO SERVICO,-0.01271133118941174,0.9873691165541557
categoricas__especialidad_mas_frecuente_HEMOTERAPIA,-0.012646002151416718,0.9874336225357201
categoricas__especialidad_mas_frecuente_ELETROCARDIOGRAFIA,-0.012565783821106194,0.9875128359893554
categoricas__estado_mas_frecuente_RR,-0.011876225623085204,0.9881940183915264
categoricas__especialidad_mas_frecuente_URODINÂMICA,-0.011779496066273603,0.98828961058419
categoricas__especialidad_mas_frecuente_GENETICISTA,-0.011284853266055744,0.9887785818476833
categoricas__estado_mas_frecuente_AC,-0.011082600709401537,0.9889785850687265
categoricas__especialidad_mas_frecuente_RADIOTERAPIA,-0.010703573598931773,0.9893535058122161
categoricas__especialidad_mas_frecuente_CIRURGIA DA MAO,-0.010537315574757122,0.9895180074457821
categoricas__especialidad_mas_frecuente_HEPATOLOGIA,-0.009764656956735238,0.9902828625097997
categoricas__especialidad_mas_frecuente_CONSULTA EM CIRURGIA PLÁSTICA,-0.00914125487307671,0.9909003993765849
categoricas__unidad_hospitalaria_mas_frecuente_UNIDADE MISTA,-0.008766193119586664,0.9912721179222563
categoricas__especialidad_mas_frecuente_LARINGOSCOPIA,-0.008736466867068337,0.9913015851655212
categoricas__especialidad_mas_frecuente_MEDICO,-0.008395167303720237,0.9916399737063304
categoricas__especialidad_mas_frecuente_BUCO MAXILAR,-0.00830786157377642,0.9917265533374702
categoricas__especialidad_mas_frecuente_FONOTERAPIA,-0.00820515284866947,0.9918284175384997
categoricas__especialidad_mas_frecuente_ODONTOLOGIA CLINICA,-0.008049496695698084,0.99198281375043
categoricas__especialidad_mas_frecuente_CIRURGIA PLASTICA RESTAURADORA,-0.007012706423102829,0.9930118252246749
categoricas__especialidad_mas_frecuente_ANGIOLOGIA/CIRUR VASCULAR,-0.0068410272708788415,0.9931823192876972
categoricas__especialidad_mas_frecuente_MEDICINA DOMICILIAR,-0.006805643302184879,0.9932174626415423
categoricas__especialidad_mas_frecuente_AN. CLIN-MED. NUCLEAR-RADIOIMU,-0.006729487687249979,0.9932931046084175
categoricas__especialidad_mas_frecuente_MEDICO CANCEROLOGISTA PEDIATRICO,-0.006494129848057486,0.9935269114402591
categoricas__especialidad_mas_frecuente_CIRURGIA DA CABECA E PESCOCO,-0.006472597539389121,0.9935483045987077
categoricas__especialidad_mas_frecuente_ELETRONEUROMIOGRAFIA/ELETROMIO,-0.006210787761833871,0.993808459313363
categoricas__especialidad_mas_frecuente_MEDICO CIRURGIAO TORACICO,-0.005867296243708074,0.9941498827244448
categoricas__especialidad_mas_frecuente_INATIVO ORTOPEDIA MEDICO DA FAMILIA,-0.005737489957113365,0.994278938004952
categoricas__especialidad_mas_frecuente_ESPIROMETRIA / PROVA DE FUNÇÃO,-0.005666047947356492,0.9943499738279827
categoricas__especialidad_mas_frecuente_NEUROPEDIATRIA,-0.005627121716579641,0.9943886808778919
categoricas__especialidad_mas_frecuente_CIRURGIA TORACICA,-0.0053371065621202396,0.9946771104872265
categoricas__especialidad_mas_frecuente_MEDICO NEUROFISIOLOGISTA,-0.005146002246031739,0.9948672157405437
categoricas__especialidad_mas_frecuente_NEUROCIRURGIA PEDIÁTRICA,-0.005113597127912924,0.9948994550525389
categoricas__especialidad_mas_frecuente_ELETROENCEFALO-ELETROCARDIO-RA,-0.005092315219238612,0.9949206286371878
categoricas__especialidad_mas_frecuente_FARMACEUTICO ANALISTA CLINICO,-0.005046938124103809,0.9949657762695315
categoricas__especialidad_mas_frecuente_FONOAUDIOLOGIA - AVALIAÇÃO,-0.004994166693432595,0.9950182834224407
categoricas__especialidad_mas_frecuente_ANALISES CLINICAS DIVERSAS,-0.0048011058511663336,0.9952104010349059
categoricas__especialidad_mas_frecuente_ONCOLOGIA CLINICA/QUIMIOTERAPIA,-0.004580247906573167,0.995430225432605
categoricas__especialidad_mas_frecuente_UNIMEDS,-0.004568855477309857,0.9954415658656323
categoricas__especialidad_mas_frecuente_CIRURGIA TORÁCICA,-0.004488431347056979,0.9955216266071492
categoricas__especialidad_mas_frecuente_CONSULTA EM NEUROLOGIA,-0.004391389046980909,0.9956182390032393
categoricas__especialidad_mas_frecuente_MEDICINA DE FAMILIA E COMUNIDADE,-0.004271779534255874,0.9957373315378246
categoricas__especialidad_mas_frecuente_ANESTESIOLOGISTA,-0.004110172161549533,0.9958982630353881
categoricas__especialidad_mas_frecuente_RADIOLOGIA INTERVENCIONISTA,-0.004013399864931541,0.9959946430608829
categoricas__especialidad_mas_frecuente_HOME CARE,-0.004007223247924884,0.9960007949573327
categoricas__especialidad_mas_frecuente_AN. CLIN-AN PAT-COLPOCITOLOGIA,-0.00397671356444661,0.9960311830898948
categoricas__unidad_hospitalaria_mas_frecuente_LABORATORIO CENTRAL DE SAUDE PUBLICA LACEN,-0.003954089217570836,0.9960537178997968
categoricas__especialidad_mas_frecuente_MEDICO ANATOMOPATOLOGISTA,-0.00394207294760194,0.9960656868220854
categoricas__especialidad_mas_frecuente_TECNICO DE ENFERMAGEM,-0.003864803927796066,0.9961426548149508
categoricas__especialidad_mas_frecuente_QUIMIOTERAPIA,-0.003776858324624034,0.9962302650339842
categoricas__especialidad_mas_frecuente_PSICOLOGIA ABA,-0.0037613512058627986,0.9962457138148003
categoricas__especialidad_mas_frecuente_MEDICINA DE FAMILIA/COMUNIDADE,-0.003691287787414812,0.9963155166404081
categoricas__especialidad_mas_frecuente_HEMODINAMICA,-0.0035605837543218988,0.996445747607337
categoricas__especialidad_mas_frecuente_TISIOPNEUMOLOGIA,-0.0035046939416937327,0.9965014403297783
"categoricas__especialidad_mas_frecuente_ANGIORRADIOLOGIA, CIRUGIA ENDOVASCULAR",-0.0034751561518399257,0.9965308752146304
categoricas__especialidad_mas_frecuente_PSICO - PEDAGOGIA,-0.003289253503769366,0.9967161501642351
categoricas__especialidad_mas_frecuente_MEDICO HEMOTERAPEUTA,-0.003254400665346673,0.9967508891565428
categoricas__especialidad_mas_frecuente_GERIATRIA E GERONTOLOGIA,-0.0032385168383436023,0.99676672150097
categoricas__especialidad_mas_frecuente_PROFISSIONAL DE EDUCACAO FISICA NA SAUDE,-0.0031993317038313935,0.9968057807042945
categoricas__especialidad_mas_frecuente_GASTRO PEDIATRA,-0.003160112348638375,0.9968448755508986
categoricas__especialidad_mas_frecuente_PSICOPEDAGOGO,-0.00312346008746795,0.9968814128392067
categoricas__especialidad_mas_frecuente_TERAPIA NUTRICIONAL TEA,-0.0029430788443433817,0.9970612477666387
categoricas__especialidad_mas_frecuente_CIRURGIA GINECOLOGICA,-0.002897374682659747,0.9971068186564969
categoricas__especialidad_mas_frecuente_MEDICINA FISICA E REABILITACAO-FISIATRIA,-0.0027709791932859574,0.997232856425934
categoricas__especialidad_mas_frecuente_OBSTETRICIA / PRE NATAL,-0.0026831692079154327,0.9973204272732088
categoricas__especialidad_mas_frecuente_PSICOMOTRICIDADE - TERAPIAS PA,-0.002523823400124333,0.9974793587645163
categoricas__especialidad_mas_frecuente_ENFERMAGEM NASCER BEM,-0.0025063496129967616,0.9974967886587782
categoricas__especialidad_mas_frecuente_ECOCARDIOGRAFIA,-0.0024840864894024903,0.9975189963002739
categoricas__especialidad_mas_frecuente_EXAMES EM CARDIOLOGIA,-0.002476901928277647,0.997526163062221
categoricas__especialidad_mas_frecuente_ULTRASONOGRAFIA,-0.002372143875604789,0.9976306674342953
categoricas__especialidad_mas_frecuente_MEDICO GENETICISTA,-0.00235735231611826,0.9976454240567947
categoricas__especialidad_mas_frecuente_PSICOLOGIA TEA,-0.0022893359407895305,0.9977132825901219
categoricas__especialidad_mas_frecuente_FISIOTERAPIA POS OPERATORIA,-0.0022841286065752703,0.9977184780301616
categoricas__especialidad_mas_frecuente_RESSONÂNCIA MAGNÉTICA,-0.0022012109504944196,0.9978012099377088
categoricas__especialidad_mas_frecuente_MEDICO SAUDE DA FAMILIA,-0.0020248837998958842,0.9979771648942831
categoricas__especialidad_mas_frecuente_CATETERISMO CARDIACO,-0.0019737098463820228,0.9980282366380877
categoricas__tipo_beneficiario_TUTELADO,-0.0019729242822288315,0.9980290206536022
categoricas__especialidad_mas_frecuente_NEUROPSICOLOGIA - AVALIAÇÃO,-0.0018011595432300188,0.9982004615711788
categoricas__especialidad_mas_frecuente_RENOVAÇÃO DE RECEITAS,-0.001737968457110815,0.998263540935516
categoricas__especialidad_mas_frecuente_MEDICOS NAO COOPERADOS,-0.0017298534394716602,0.9982716418946288
categoricas__especialidad_mas_frecuente_BIOMEDICO,-0.001727714312148591,0.9982737773270578
categoricas__especialidad_mas_frecuente_CIRURGIA DA MAMA,-0.0016749664866782658,0.9983264354868253
categoricas__especialidad_mas_frecuente_ORTOPEDIA,-0.0015944876336074763,0.9984067828864335
categoricas__especialidad_mas_frecuente_CONSULTA EM GENÉTICA MÉDICA,-0.0015606851668893628,0.9984405320688827
categoricas__especialidad_mas_frecuente_CIRURGIA TORAXICA,-0.0014879242590023723,0.9985131821514782
categoricas__especialidad_mas_frecuente_RAIO-X,-0.0014813828640093366,0.9985197138419716
categoricas__especialidad_mas_frecuente_FONOAUDIOLOGIA TEA,-0.0014118462261124693,0.998589149959895
categoricas__especialidad_mas_frecuente_ORTOPEDIA PEDIATRICA,-0.0013986105034830634,0.9986023670963736
categoricas__especialidad_mas_frecuente_ENDOCRINOLOGIA PEDIATRICA,-0.0013902177294639992,0.9986107481755457
categoricas__especialidad_mas_frecuente_FORNECEDOR,-0.0013897369852014692,0.9986112282520488
categoricas__especialidad_mas_frecuente_AN. CLIN-AN. PAT-LIQUOR,-0.0012821907851869043,0.9987186308702074
categoricas__especialidad_mas_frecuente_COLOPROCTOLOGIA,-0.0012531101415542269,0.9987476746731052
categoricas__especialidad_mas_frecuente_TRIAGEM INFANTIL NEUROPSICOLOGIA,-0.0012352576461629242,0.9987655049705216
categoricas__especialidad_mas_frecuente_CLINICAS E HOSPITAIS,-0.0011820808240143462,0.9988186175583144
categoricas__especialidad_mas_frecuente_MEDICO CITOPATOLOGISTA,-0.001111728752486307,0.9988888889889818
categoricas__especialidad_mas_frecuente_PROCEDIMENTOS CIRURGIA GERAL,-0.001094094478060553,0.998906503825083
categoricas__especialidad_mas_frecuente_ANDROLOGIA,-0.0010763494397158368,0.9989242296165681
categoricas__especialidad_mas_frecuente_GENÉTICA MÉDICA,-0.0010658403260462178,0.998934727480006
categoricas__especialidad_mas_frecuente_CIRURGIA CARDIO VASCULAR,-0.0010620917132832953,0.9989384721064933
categoricas__especialidad_mas_frecuente_TERAPIA OCUPACIONAL TEA,-0.0010258193392454183,0.9989747066335466
categoricas__especialidad_mas_frecuente_MEDICINA LEGAL,-0.0009204226257921043,0.9990800008331826
categoricas__especialidad_mas_frecuente_TERAPIA OCUPACIONAL-SESSAO,-0.0009158858878070475,0.999084533407654
categoricas__unidad_hospitalaria_mas_frecuente_POSTO DE SAUDE,-0.0008728883219379751,0.9991274925342503
categoricas__especialidad_mas_frecuente_ALERGOLOGIA PEDIATRICA,-0.0008001832714469964,0.999200136789812
categoricas__especialidad_mas_frecuente_PNEUMOLOGIA PEDIATRICA,-0.0007732424224016272,0.9992270564524811
categoricas__especialidad_mas_frecuente_DENSITOMETRIA OSSEA,-0.0007726280198487154,0.9992276703803241
categoricas__especialidad_mas_frecuente_RESSONANCIA MAGNETICA,-0.0007709396292959294,0.9992293574683071
categoricas__especialidad_mas_frecuente_GASTROENTEROLOGIA PEDIATRICA,-0.0007343215071282225,0.9992659480409274
categoricas__especialidad_mas_frecuente_CIRURGIA ODONTOLOGICA,-0.0006981333442412759,0.9993021102941413
categoricas__especialidad_mas_frecuente_PSIQUIATRIA INFANTIL,-0.0006879746081870544,0.9993122619920822
categoricas__especialidad_mas_frecuente_FISIOTERAPIA - AVALIAÇÃO,-0.0006372647548171241,0.9993629382552407
categoricas__especialidad_mas_frecuente_ECOGRAFIA VASCULAR COM DOPLLER,-0.0006347727270916538,0.9993654286984938
categoricas__especialidad_mas_frecuente_NUTRICAO CIRURG BARIATRICA,-0.0006347350278786012,0.9993654663737848
categoricas__especialidad_mas_frecuente_PNEUMOLOGIA PEDIÁTRICA,-0.0006202942706194252,0.9993798980720999
categoricas__especialidad_mas_frecuente_PSICOPEDAGOGIA CONVENCIONAL,-0.0005985688764203034,0.9994016102301919
categoricas__especialidad_mas_frecuente_RADIOIMUNOENSAIO,-0.0005965473363340105,0.9994036305626515
categoricas__especialidad_mas_frecuente_CIRURGIA BARIATRICA,-0.0005686099856113831,0.9994315516424106
categoricas__especialidad_mas_frecuente_DERMATOLOGIA PEDIATRICA,-0.0005658642220353774,0.9994342958489293
categoricas__especialidad_mas_frecuente_ENFERMAGEM,-0.0005655160488886596,0.9994346438251736
categoricas__especialidad_mas_frecuente_CIRURGIAO DENTISTA - ODONTOPEDIATRA,-0.0005648799773449779,0.9994352795373125
categoricas__especialidad_mas_frecuente_MEDICINA HIPERBÁRICA,-0.0005606976376414328,0.9994394595239042
categoricas__especialidad_mas_frecuente_ENFERMEIRO PUERICULTOR E PEDIATRICO,-0.0005557944109567412,0.999444360014146
categoricas__especialidad_mas_frecuente_DOR DE CABECA CEFALEIA,-0.0005426742047696609,0.9994574730162444
categoricas__especialidad_mas_frecuente_MEDICO VIVER BEM,-0.0005279094137487909,0.9994722299059087
categoricas__especialidad_mas_frecuente_MUSICOTERAPIA TEA,-0.0005250217877342587,0.9994751160120875
categoricas__especialidad_mas_frecuente_AN. CLIN-AN PAT-RADIOIMUNOENSA,-0.0005207197950294387,0.999479415755994
categoricas__especialidad_mas_frecuente_CARDIOVASCULAR,-0.0004956785639673145,0.9995044442643568
categoricas__especialidad_mas_frecuente_GERIATRIA/GERONTOLOGIA,-0.0004643299646437164,0.9995357778198312
categoricas__especialidad_mas_frecuente_FISIATRIA,-0.0004527872886595005,0.9995473152040352
categoricas__especialidad_mas_frecuente_MEDICO DA ESTRATEGIA DE SAUDE DA FAMILIA,-0.00044950439618765726,0.9995505966157777
categoricas__especialidad_mas_frecuente_OBSTETRICIA ALTO RISCO GESTAR BEM,-0.00038516367036949906,0.9996149104956347
categoricas__unidad_hospitalaria_mas_frecuente_CENTRO DE ATENCAO PSICOSSOCIAL,-0.00036546914181220054,0.9996345976338995
categoricas__especialidad_mas_frecuente_MUSICOTERAPIA - TERAPIAS PARA,-0.00032747986615843045,0.9996725737495201
categoricas__especialidad_mas_frecuente_PSICOPEDAGOGIA - TERAPIAS PARA,-0.0003180399117506323,0.9996820106575809
categoricas__especialidad_mas_frecuente_CIRURGIA BUCO MAXILO FACIAL,-0.0003172369319649945,0.9996828133823499
categoricas__especialidad_mas_frecuente_NEUROLOGIA PEDIÁTRICA,-0.00024668159350737167,0.9997533488298952
categoricas__especialidad_mas_frecuente_GENERALISTA QUE ATENDE DOENÇA DA CRIANÇA,-0.0002439862218276457,0.99975604354039
categoricas__especialidad_mas_frecuente_PESQUISADOR EM BIOLOGIA DE MICROORGANISMOS E PARAS,-0.0002344929947317939,0.9997655344966017
categoricas__especialidad_mas_frecuente_ACOLHIMENTO PRE NATAL,-0.00015288472942336746,0.9998471269568513
categoricas__unidad_hospitalaria_mas_frecuente_UNIDADE DE APOIO DIAGNOSE E TERAPIA (SADT ISOLADO),0.03474944694384005,1.0353602636203125
numericas__costo_mediano,0.06688557822535042,1.069173134487887
numericas__n_terapias_T,0.12935416590463505,1.1380931265783956
categoricas__unidad_hospitalaria_mas_frecuente_PRONTO ATENDIMENTO,0.1766462998576773,1.1932089802947041
categoricas__unidad_hospitalaria_mas_frecuente_CLINICA/CENTRO DE ESPECIALIDADE,0.2999350869237747,1.349771186932227
numericas__n_consultas_C,0.3085860588461458,1.3614986735108952
numericas__numero_estados_atencion,0.3156705283650434,1.3711784168012913
numericas__edad,0.3266215239175534,1.3862767053031542
numericas__numero_utilizaciones,0.46695646493735665,1.595131957735646
numericas__costo_maximo,0.48125553438957924,1.6181047134770752
categoricas__unidad_hospitalaria_mas_frecuente_SERVICO DE ATENCAO DOMICILIAR ISOLADO(HOME CARE),0.49334676884583367,1.6377883569078913
categoricas__unidad_hospitalaria_mas_frecuente_HOSPITAL GERAL,0.5792685154569717,1.7847324489557057
numericas__numero_procedimientos,0.5804020630876827,1.786756675256387
numericas__tuvo_internacion,0.5995397665607738,1.821280393334607
categoricas__unidad_hospitalaria_mas_frecuente_POLICLINICA,0.6006731659669147,1.8233458016960324
categoricas__unidad_hospitalaria_mas_frecuente_PRONTO SOCORRO GERAL,0.6238838637123205,1.8661619035852364
categoricas__tipo_beneficiario_DEPENDENTE,0.6424581530953533,1.9011484541050898
categoricas__unidad_hospitalaria_mas_frecuente_CONSULTORIO ISOLADO,0.7609894848177383,2.1403930594704312
categoricas__unidad_hospitalaria_mas_frecuente_CENTRAL DE GESTAO EM SAUDE,0.7743078972780081,2.1690903742074914
categoricas__unidad_hospitalaria_mas_frecuente_HOSPITAL ESPECIALIZADO,0.8552824276651129,2.352038567538986
categoricas__tipo_beneficiario_TITULAR,1.0626563613916382,2.894048426234871
categoricas__estado_mas_frecuente_RS,1.249497352579289,3.4885889864283133
categoricas__tipo_beneficiario_NÃO INFORMADO,1.4964731293737645,4.465910573513939
categoricas__unidad_hospitalaria_mas_frecuente_CENTRO DE SAUDE/UNIDADE BASICA,1.5076710706019871,4.516200624660879
categoricas__estado_mas_frecuente_MG,1.781898669652415,5.94112595219152
categoricas__estado_mas_frecuente_MT,1.8462986456902448,6.3363230883418264
categoricas__especialidad_mas_frecuente_MEDICO ORTOPEDISTA E TRAUMATOLOGISTA,2.3234606478254536,10.210949733944434
categoricas__especialidad_mas_frecuente_PRONTO ATENDIMENTO GERAL,2.460284326539704,11.708140001706482
categoricas__estado_mas_frecuente_CE,2.9033952167140886,18.235955401416266
categoricas__especialidad_mas_frecuente_MEDICO CLINICO,2.915322224719908,18.454758024017668
categoricas__especialidad_mas_frecuente_MEDICO ANESTESIOLOGISTA,3.174367056306495,23.9116803303768
categoricas__estado_mas_frecuente_SP,3.2049213610400398,24.65356120981152
categoricas__especialidad_mas_frecuente_HOSPITAIS,3.2146774182851554,24.89525986012141
categoricas__estado_mas_frecuente_RJ,3.886621456527228,48.74591780124029
categoricas__unidad_hospitalaria_mas_frecuente_HOSPITAL/DIA - ISOLADO,4.019176250816555,55.65524097951257
categoricas__especialidad_mas_frecuente_OFTALMOLOGIA,4.533689521778362,93.10142793176661
categoricas__estado_mas_frecuente_BA,5.130062733425664,169.0277214002869
categoricas__estado_mas_frecuente_PR,5.366675500594233,214.14974227766547
categoricas__especialidad_mas_frecuente_ORTOPEDIA E TRAUMATOLOGIA,5.575778190842021,263.9548830073005
categoricas__especialidad_mas_frecuente_PEDIATRIA,7.148949268131545,1272.7679145266434
categoricas__especialidad_mas_frecuente_CLINICO GERAL,10.794432197046632,48748.62139974921
categoricas__especialidad_mas_frecuente_PSICOLOGIA - AVALIAÇÃO,11.327632303078724,83086.06714589141
categoricas__especialidad_mas_frecuente_GENERALISTA,13.777480651530322,962684.1500107362
